Workbook

Sheet 8.6配料测试汇总
A1: 序号 | B1: 配方ID | C1: 线棒号 | D1: IR190(9型环氧树脂36%固含） | E1: RF401(PR401) | F1: RF160(PR33160G) | G1: IR809 55%(PR309 稀释55%) | H1: RF516（PR516） | I1: RF950（PR8219-50） | J1: RF956（PR8219-65） | K1: RH601（SM601RX75) | L1: 住友55754G | M1: 1510蜡25%工作液 | N1: AZ088（BYK088) | O1: 外加正丁醇 | P1: 补加混合液（乙二醇单丁醚：二甲苯=2:1） | Q1: 10%磷酸 | R1: T弯(mm) | S1: MEK擦拭(次) | T1: 水煮（等级）
A2: 1 | B2: D1-1 | C2: 14# | D2: 66 | E2: 0 | F2: 0 | G2: 0.12 | H2: 2.64 | I2: 0 | J2: 1.53 | K2: 0 | L2: 0 | M2: 0.79 | N2: 0.06 | O2: 1.48 | P2: 1.27 | Q2: 0 | R2: =IFERROR(VLOOKUP($B2&"|"&$C2,测试原始数据!$A$2:$G$131,4,FALSE),"——") -> 17.415 | S2: =IFERROR(VLOOKUP($B2&"|"&$C2,测试原始数据!$A$2:$G$131,5,FALSE),"——") -> 9 | T2: =IFERROR(VLOOKUP($B2&"|"&$C2,[1]测试原始数据!$A$2:$G$131,6,FALSE),"——") -> 4
A3: 2 | B3: D1-2 | C3: 14# | D3: 66.09 | E3: 0.96 | F3: 0 | G3: 0 | H3: 0.48 | I3: 6.29 | J3: 6.65 | K3: 0 | L3: 0.42 | M3: 2.98 | N3: 0.06 | O3: 5.49 | P3: 1.55 | Q3: 2.4 | R3: =IFERROR(VLOOKUP($B3&"|"&$C3,测试原始数据!$A$2:$G$131,4,FALSE),"——") -> 19.22 | S3: =IFERROR(VLOOKUP($B3&"|"&$C3,测试原始数据!$A$2:$G$131,5,FALSE),"——") -> 161 | T3: =IFERROR(VLOOKUP($B3&"|"&$C3,[1]测试原始数据!$A$2:$G$131,6,FALSE),"——") -> 2
A4: 3 | B4: D1-3 | C4: 14# | D4: 66.08 | E4: 0 | F4: 0 | G4: 0.42 | H4: 2.64 | I4: 4.89 | J4: 0 | K4: 0.46 | L4: 0 | M4: 2.13 | N4: 0.06 | O4: 0.08 | P4: 3.17 | Q4: 0 | R4: =IFERROR(VLOOKUP($B4&"|"&$C4,测试原始数据!$A$2:$G$131,4,FALSE),"——") -> 15.69 | S4: =IFERROR(VLOOKUP($B4&"|"&$C4,测试原始数据!$A$2:$G$131,5,FALSE),"——") -> 10 | T4: =IFERROR(VLOOKUP($B4&"|"&$C4,[1]测试原始数据!$A$2:$G$131,6,FALSE),"——") -> 4
A5: 4 | B5: D1-4 | C5: 14# | D5: 66.08 | E5: 0.34 | F5: 11.73 | G5: 0 | H5: 0 | I5: 0.46 | J5: 0 | K5: 0 | L5: 0 | M5: 3 | N5: 0.06 | O5: 4.11 | P5: 6.24 | Q5: 1.79 | R5: =IFERROR(VLOOKUP($B5&"|"&$C5,测试原始数据!$A$2:$G$131,4,FALSE),"——") -> 18.05 | S5: =IFERROR(VLOOKUP($B5&"|"&$C5,测试原始数据!$A$2:$G$131,5,FALSE),"——") -> 98 | T5: =IFERROR(VLOOKUP($B5&"|"&$C5,[1]测试原始数据!$A$2:$G$131,6,FALSE),"——") -> 3
A6: 5 | B6: D1-5 | C6: 14# | D6: 66.24 | E6: 0 | F6: 1.02 | G6: 0.51 | H6: 6.18 | I6: 3.17 | J6: 6.81 | K6: 3.16 | L6: 1.18 | M6: 3.6 | N6: 0.06 | O6: 7.69 | P6: 6.52 | Q6: 2.57 | R6: =IFERROR(VLOOKUP($B6&"|"&$C6,测试原始数据!$A$2:$G$131,4,FALSE),"——") -> 20.8 | S6: =IFERROR(VLOOKUP($B6&"|"&$C6,测试原始数据!$A$2:$G$131,5,FALSE),"——") -> 300+ | T6: =IFERROR(VLOOKUP($B6&"|"&$C6,[1]测试原始数据!$A$2:$G$131,6,FALSE),"——") -> 3
A7: 6 | B7: D1-6 | C7: 14# | D7: 66.05 | E7: 0 | F7: 1.18 | G7: 0.5 | H7: 0 | I7: 0.23 | J7: 3.98 | K7: 2.25 | L7: 0 | M7: 0.78 | N7: 0.06 | O7: 0.38 | P7: 5.86 | Q7: 0.32 | R7: =IFERROR(VLOOKUP($B7&"|"&$C7,测试原始数据!$A$2:$G$131,4,FALSE),"——") -> 14.365 | S7: =IFERROR(VLOOKUP($B7&"|"&$C7,测试原始数据!$A$2:$G$131,5,FALSE),"——") -> 5 | T7: =IFERROR(VLOOKUP($B7&"|"&$C7,[1]测试原始数据!$A$2:$G$131,6,FALSE),"——") -> 4
A8: 7 | B8: D1-7 | C8: 14# | D8: 66.21 | E8: 2.49 | F8: 0 | G8: 0 | H8: 0 | I8: 0 | J8: 0 | K8: 0.41 | L8: 0.9 | M8: 2.05 | N8: 0.06 | O8: 0.54 | P8: 2.52 | Q8: 0 | R8: =IFERROR(VLOOKUP($B8&"|"&$C8,测试原始数据!$A$2:$G$131,4,FALSE),"——") -> 16.535 | S8: =IFERROR(VLOOKUP($B8&"|"&$C8,测试原始数据!$A$2:$G$131,5,FALSE),"——") -> 32 | T8: =IFERROR(VLOOKUP($B8&"|"&$C8,[1]测试原始数据!$A$2:$G$131,6,FALSE),"——") -> 4
A9: 8 | B9: D1-8 | C9: 14# | D9: 66.23 | E9: 0 | F9: 1.15 | G9: 0.19 | H9: 0 | I9: 0.86 | J9: 6.55 | K9: 0 | L9: 0 | M9: 0.69 | N9: 0.06 | O9: 5.72 | P9: 0.88 | Q9: 0 | R9: =IFERROR(VLOOKUP($B9&"|"&$C9,测试原始数据!$A$2:$G$131,4,FALSE),"——") -> 15.225 | S9: =IFERROR(VLOOKUP($B9&"|"&$C9,测试原始数据!$A$2:$G$131,5,FALSE),"——") -> 4 | T9: =IFERROR(VLOOKUP($B9&"|"&$C9,[1]测试原始数据!$A$2:$G$131,6,FALSE),"——") -> 4
A10: 9 | B10: D1-9 | C10: 14# | D10: 65.99 | E10: 2.63 | F10: 0 | G10: 0 | H10: 6.44 | I10: 5.96 | J10: 0 | K10: 0 | L10: 0.12 | M10: 2.59 | N10: 0.06 | O10: 4.77 | P10: 2.77 | Q10: 1.54 | R10: =IFERROR(VLOOKUP($B10&"|"&$C10,测试原始数据!$A$2:$G$131,4,FALSE),"——") -> 22.32 | S10: =IFERROR(VLOOKUP($B10&"|"&$C10,测试原始数据!$A$2:$G$131,5,FALSE),"——") -> 172 | T10: =IFERROR(VLOOKUP($B10&"|"&$C10,[1]测试原始数据!$A$2:$G$131,6,FALSE),"——") -> 2
A11: 10 | B11: D1-10 | C11: 14# | D11: 66.08 | E11: 2.28 | F11: 0 | G11: 0.2 | H11: 0 | I11: 0 | J11: 5.89 | K11: 1.77 | L11: 0 | M11: 2.79 | N11: 0.06 | O11: 6.1 | P11: 0.05 | Q11: 2.44 | R11: =IFERROR(VLOOKUP($B11&"|"&$C11,测试原始数据!$A$2:$G$131,4,FALSE),"——") -> 16.09 | S11: =IFERROR(VLOOKUP($B11&"|"&$C11,测试原始数据!$A$2:$G$131,5,FALSE),"——") -> 95 | T11: =IFERROR(VLOOKUP($B11&"|"&$C11,[1]测试原始数据!$A$2:$G$131,6,FALSE),"——") -> 4
A12: 11 | B12: D1-11 | C12: 14# | D12: 65.99 | E12: 0 | F12: 2.91 | G12: 0.58 | H12: 5.61 | I12: 4.87 | J12: 3.45 | K12: 0 | L12: 0 | M12: 1 | N12: 0.06 | O12: 9.04 | P12: 1.84 | Q12: 0 | R12: =IFERROR(VLOOKUP($B12&"|"&$C12,测试原始数据!$A$2:$G$131,4,FALSE),"——") -> 17.145 | S12: =IFERROR(VLOOKUP($B12&"|"&$C12,测试原始数据!$A$2:$G$131,5,FALSE),"——") -> 33 | T12: =IFERROR(VLOOKUP($B12&"|"&$C12,[1]测试原始数据!$A$2:$G$131,6,FALSE),"——") -> 2
A13: 12 | B13: D1-12 | C13: 14# | D13: 66.16 | E13: 0 | F13: 0.38 | G13: 0 | H13: 0.47 | I13: 6.58 | J13: 2.35 | K13: 0 | L13: 0 | M13: 0.96 | N13: 0.06 | O13: 3.85 | P13: 0.98 | Q13: 0 | R13: =IFERROR(VLOOKUP($B13&"|"&$C13,测试原始数据!$A$2:$G$131,4,FALSE),"——") -> 14.46 | S13: =IFERROR(VLOOKUP($B13&"|"&$C13,测试原始数据!$A$2:$G$131,5,FALSE),"——") -> 11 | T13: =IFERROR(VLOOKUP($B13&"|"&$C13,[1]测试原始数据!$A$2:$G$131,6,FALSE),"——") -> 4
... A27: 26 | B27: D1-24 | C27: 18# | D27: 65.83 | E27: 1.37 | F27: 5.95 | G27: 0.45 | H27: 2.38 | I27: 2.7 | J27: 2.84 | K27: 2.15 | L27: 0.73 | M27: 1.91 | N27: 0.06 | O27: 4.88 | P27: 8.51 | Q27: 1.47 | R27: =IFERROR(VLOOKUP($B27&"|"&$C27,测试原始数据!$A$2:$G$131,4,FALSE),"——") -> 16.72 | S27: =IFERROR(VLOOKUP($B27&"|"&$C27,测试原始数据!$A$2:$G$131,5,FALSE),"——") -> 125 | T27: =IFERROR(VLOOKUP($B27&"|"&$C27,[1]测试原始数据!$A$2:$G$131,6,FALSE),"——") -> 4
A28: 27 | B28: D2-1 | C28: 14# | D28: 66.01 | E28: 1.34 | F28: 5.93 | G28: 0.4 | H28: 2.19 | I28: 3.35 | J28: 2.92 | K28: 2.14 | L28: 0.77 | M28: 1.83 | N28: 0.06 | O28: 4.71 | P28: 9.03 | Q28: 1.56 | R28: =IFERROR(VLOOKUP($B28&"|"&$C28,测试原始数据!$A$2:$G$131,4,FALSE),"——") -> 19.32 | S28: =IFERROR(VLOOKUP($B28&"|"&$C28,测试原始数据!$A$2:$G$131,5,FALSE),"——") -> 68 | T28: 4
A29: 28 | B29: D2-2 | C29: 14# | D29: 66.03 | E29: 0.71 | F29: 0 | G29: 0 | H29: 6.49 | I29: 3.79 | J29: 7.06 | K29: 1.22 | L29: 0 | M29: 3.35 | N29: 0.06 | O29: 6.9 | P29: 4.54 | Q29: 1.94 | R29: =IFERROR(VLOOKUP($B29&"|"&$C29,测试原始数据!$A$2:$G$131,4,FALSE),"——") -> 18.95 | S29: =IFERROR(VLOOKUP($B29&"|"&$C29,测试原始数据!$A$2:$G$131,5,FALSE),"——") -> 76 | T29: 2
A30: 29 | B30: D2-3 | C30: 14# | D30: 65.85 | E30: 0 | F30: 11.02 | G30: 0.43 | H30: 0 | I30: 1.6 | J30: 2.04 | K30: 0 | L30: 0 | M30: 3.03 | N30: 0.06 | O30: 0.92 | P30: 9.77 | Q30: 2.52 | R30: =IFERROR(VLOOKUP($B30&"|"&$C30,测试原始数据!$A$2:$G$131,4,FALSE),"——") -> 20.57 | S30: =IFERROR(VLOOKUP($B30&"|"&$C30,测试原始数据!$A$2:$G$131,5,FALSE),"——") -> 60 | T30: 4+
A31: 30 | B31: D2-4 | C31: 14# | D31: 66.08 | E31: 0.11 | F31: 0 | G31: 0 | H31: 0.47 | I31: 6.79 | J31: 0 | K31: 0 | L31: 0 | M31: 1.13 | N31: 0.06 | O31: 2.36 | P31: 0.22 | Q31: 0 | R31: =IFERROR(VLOOKUP($B31&"|"&$C31,测试原始数据!$A$2:$G$131,4,FALSE),"——") -> 14.695 | S31: =IFERROR(VLOOKUP($B31&"|"&$C31,测试原始数据!$A$2:$G$131,5,FALSE),"——") -> 9 | T31: 4+
A32: 31 | B32: D2-5 | C32: 14# | D32: 66.13 | E32: 2.6 | F32: 0 | G32: 0 | H32: 0 | I32: 1.01 | J32: 6.94 | K32: 0 | L32: 0.11 | M32: 2.67 | N32: 0.06 | O32: 7.12 | P32: 0.39 | Q32: 0.71 | R32: =IFERROR(VLOOKUP($B32&"|"&$C32,测试原始数据!$A$2:$G$131,4,FALSE),"——") -> 14.215 | S32: =IFERROR(VLOOKUP($B32&"|"&$C32,测试原始数据!$A$2:$G$131,5,FALSE),"——") -> 40 | T32: 3
A33: 32 | B33: D2-6 | C33: 14# | D33: 65.98 | E33: 0.62 | F33: 7.96 | G33: 0.52 | H33: 6.63 | I33: 0 | J33: 0 | K33: 0.59 | L33: 0 | M33: 3.17 | N33: 0.06 | O33: 9.91 | P33: 1.59 | Q33: 1.51 | R33: =IFERROR(VLOOKUP($B33&"|"&$C33,测试原始数据!$A$2:$G$131,4,FALSE),"——") -> 20.335 | S33: =IFERROR(VLOOKUP($B33&"|"&$C33,测试原始数据!$A$2:$G$131,5,FALSE),"——") -> 112 | T33: 4+
A34: 33 | B34: D2-7 | C34: 14# | D34: 66.01 | E34: 2.3 | F34: 0 | G34: 0.53 | H34: 0 | I34: 0 | J34: 0 | K34: 2.07 | L34: 0 | M34: 0.63 | N34: 0.06 | O34: 2.76 | P34: 1 | Q34: 1.92 | R34: =IFERROR(VLOOKUP($B34&"|"&$C34,测试原始数据!$A$2:$G$131,4,FALSE),"——") -> 12.485 | S34: =IFERROR(VLOOKUP($B34&"|"&$C34,测试原始数据!$A$2:$G$131,5,FALSE),"——") -> 79 | T34: 2
A35: 34 | B35: D2-8 | C35: 14# | D35: 65.86 | E35: 0.63 | F35: 5.66 | G35: 0.19 | H35: 4.87 | I35: 6.77 | J35: 0 | K35: 0.68 | L35: 0 | M35: 3.16 | N35: 0.06 | O35: 9.44 | P35: 0.85 | Q35: 2.1 | R35: =IFERROR(VLOOKUP($B35&"|"&$C35,测试原始数据!$A$2:$G$131,4,FALSE),"——") -> 20.9 | S35: =IFERROR(VLOOKUP($B35&"|"&$C35,测试原始数据!$A$2:$G$131,5,FALSE),"——") -> 131 | T35: 4+
A36: 35 | B36: D2-9 | C36: 14# | D36: 65.94 | E36: 0 | F36: 0 | G36: 0.4 | H36: 4.18 | I36: 0 | J36: 6.24 | K36: 0 | L36: 0 | M36: 0.69 | N36: 0.06 | O36: 3.73 | P36: 3.72 | Q36: 0 | R36: =IFERROR(VLOOKUP($B36&"|"&$C36,测试原始数据!$A$2:$G$131,4,FALSE),"——") -> 15.53 | S36: =IFERROR(VLOOKUP($B36&"|"&$C36,测试原始数据!$A$2:$G$131,5,FALSE),"——") -> 5 | T36: 4+
A37: 36 | B37: D2-10 | C37: 14# | D37: 65.97 | E37: 0.44 | F37: 11.76 | G37: 0.29 | H37: 0 | I37: 0 | J37: 0 | K37: 0 | L37: 0 | M37: 0.92 | N37: 0.06 | O37: 10.49 | P37: 1.51 | Q37: 0.17 | R37: =IFERROR(VLOOKUP($B37&"|"&$C37,测试原始数据!$A$2:$G$131,4,FALSE),"——") -> 14.995 | S37: =IFERROR(VLOOKUP($B37&"|"&$C37,测试原始数据!$A$2:$G$131,5,FALSE),"——") -> 60 | T37: 2
A38: 37 | B38: D2-11 | C38: 14# | D38: 66.04 | E38: 0 | F38: 1.38 | G38: 0 | H38: 0.79 | I38: 6.21 | J38: 6.68 | K38: 0 | L38: 0.28 | M38: 2.91 | N38: 0.06 | O38: 7.66 | P38: 0.21 | Q38: 1.34 | R38: =IFERROR(VLOOKUP($B38&"|"&$C38,测试原始数据!$A$2:$G$131,4,FALSE),"——") -> 17.04 | S38: =IFERROR(VLOOKUP($B38&"|"&$C38,测试原始数据!$A$2:$G$131,5,FALSE),"——") -> 65 | T38: 2
A39: 38 | B39: D2-12 | C39: 14# | D39: 66.04 | E39: 2.7 | F39: 0 | G39: 0 | H39: 0.28 | I39: 6.56 | J39: 6.4 | K39: 2.8 | L39: 1.22 | M39: 0.8 | N39: 0.06 | O39: 3.13 | P39: 11.39 | Q39: 0.24 | R39: =IFERROR(VLOOKUP($B39&"|"&$C39,测试原始数据!$A$2:$G$131,4,FALSE),"——") -> 17.89 | S39: =IFERROR(VLOOKUP($B39&"|"&$C39,测试原始数据!$A$2:$G$131,5,FALSE),"——") -> 50 | T39: 2
A40: 39 | B40: D2-13 | C40: 14# | D40: 65.99 | E40: 0.32 | F40: 7.54 | G40: 0 | H40: 0.13 | I40: 6.41 | J40: 4.52 | K40: 3.77 | L40: 0 | M40: 3.4 | N40: 0.06 | O40: 6.46 | P40: 9.19 | Q40: 0.93 | R40: =IFERROR(VLOOKUP($B40&"|"&$C40,测试原始数据!$A$2:$G$131,4,FALSE),"——") -> 16.31 | S40: =IFERROR(VLOOKUP($B40&"|"&$C40,测试原始数据!$A$2:$G$131,5,FALSE),"——") -> 45 | T40: 2
A41: 40 | B41: D2-14 | C41: 14# | D41: 66.13 | E41: 0.94 | F41: 11.43 | G41: 0.33 | H41: 0 | I41: 0 | J41: 0 | K41: 2.95 | L41: 0 | M41: 3.22 | N41: 0.06 | O41: 12.21 | P41: 0.5 | Q41: 2.11 | R41: =IFERROR(VLOOKUP($B41&"|"&$C41,测试原始数据!$A$2:$G$131,4,FALSE),"——") -> 16.98 | S41: =IFERROR(VLOOKUP($B41&"|"&$C41,测试原始数据!$A$2:$G$131,5,FALSE),"——") -> 80 | T41: 4+
A42: 41 | B42: D2-15 | C42: 14# | D42: 65.96 | E42: 1.19 | F42: 8.77 | G42: 0.41 | H42: 6.03 | I42: 0 | J42: 0 | K42: 2.8 | L42: 0 | M42: 3.44 | N42: 0.06 | O42: 0.25 | P42: 14.2 | Q42: 1.79 | R42: =IFERROR(VLOOKUP($B42&"|"&$C42,测试原始数据!$A$2:$G$131,4,FALSE),"——") -> 19.41 | S42: =IFERROR(VLOOKUP($B42&"|"&$C42,测试原始数据!$A$2:$G$131,5,FALSE),"——") -> 76 | T42: 4
A43: 42 | B43: D2-16 | C43: 14# | D43: 66.05 | E43: 2.24 | F43: 7.42 | G43: 0.51 | H43: 0 | I43: 0 | J43: 4.74 | K43: 2.41 | L43: 0 | M43: 2.42 | N43: 0.06 | O43: 2.56 | P43: 10.85 | Q43: 2.35 | R43: =IFERROR(VLOOKUP($B43&"|"&$C43,测试原始数据!$A$2:$G$131,4,FALSE),"——") -> 18.62 | S43: =IFERROR(VLOOKUP($B43&"|"&$C43,测试原始数据!$A$2:$G$131,5,FALSE),"——") -> 60 | T43: 4+
A44: 43 | B44: D2-17 | C44: 14# | D44: 66 | E44: 0 | F44: 0.25 | G44: 0.16 | H44: 6.66 | I44: 3.14 | J44: 6.49 | K44: 2.13 | L44: 0.63 | M44: 3.28 | N44: 0.06 | O44: 3.85 | P44: 7.3 | Q44: 2.24 | R44: =IFERROR(VLOOKUP($B44&"|"&$C44,测试原始数据!$A$2:$G$131,4,FALSE),"——") -> 18.81 | S44: =IFERROR(VLOOKUP($B44&"|"&$C44,测试原始数据!$A$2:$G$131,5,FALSE),"——") -> 120 | T44: 4+
A45: 44 | B45: D2-18 | C45: 14# | D45: 65.98 | E45: 0.36 | F45: 11.82 | G45: 0.44 | H45: 0 | I45: 0 | J45: 0 | K45: 0.82 | L45: 0 | M45: 2.95 | N45: 0.06 | O45: 1.99 | P45: 9.74 | Q45: 0.61 | R45: =IFERROR(VLOOKUP($B45&"|"&$C45,测试原始数据!$A$2:$G$131,4,FALSE),"——") -> 15.825 | S45: =IFERROR(VLOOKUP($B45&"|"&$C45,测试原始数据!$A$2:$G$131,5,FALSE),"——") -> 45 | T45: 4
A46: 45 | B46: D2-19 | C46: 14# | D46: 66.05 | E46: 0 | F46: 4.62 | G46: 0.4 | H46: 0 | I46: 5.73 | J46: 6.51 | K46: 0 | L46: 0 | M46: 3.15 | N46: 0.06 | O46: 7.99 | P46: 1.43 | Q46: 2.16 | R46: =IFERROR(VLOOKUP($B46&"|"&$C46,测试原始数据!$A$2:$G$131,4,FALSE),"——") -> 19.77 | S46: =IFERROR(VLOOKUP($B46&"|"&$C46,测试原始数据!$A$2:$G$131,5,FALSE),"——") -> 67 | T46: 4+
A47: 46 | B47: D2-20 | C47: 14# | D47: 66.02 | E47: 2.9 | F47: 0 | G47: 0 | H47: 0 | I47: 0.69 | J47: 6.38 | K47: 0 | L47: 0 | M47: 2.57 | N47: 0.06 | O47: 1.15 | P47: 5.4 | Q47: 1.91 | R47: =IFERROR(VLOOKUP($B47&"|"&$C47,测试原始数据!$A$2:$G$131,4,FALSE),"——") -> 16.595 | S47: =IFERROR(VLOOKUP($B47&"|"&$C47,测试原始数据!$A$2:$G$131,5,FALSE),"——") -> 40 | T47: 3
A48: 47 | B48: D2-21 | C48: 14# | D48: 65.99 | E48: 0.7 | F48: 10.62 | G48: 0.34 | H48: 5.86 | I48: 0 | J48: 0 | K48: 2.77 | L48: 0 | M48: 3.54 | N48: 0.06 | O48: 12.64 | P48: 2.76 | Q48: 2.76 | R48: =IFERROR(VLOOKUP($B48&"|"&$C48,测试原始数据!$A$2:$G$131,4,FALSE),"——") -> 20.49 | S48: =IFERROR(VLOOKUP($B48&"|"&$C48,测试原始数据!$A$2:$G$131,5,FALSE),"——") -> 85 | T48: 4+
A49: 48 | B49: D2-22 | C49: 14# | D49: 65.98 | E49: 2.89 | F49: 0 | G49: 0.13 | H49: 6.59 | I49: 7.29 | J49: 0 | K49: 0 | L49: 0 | M49: 2.97 | N49: 0.06 | O49: 4.81 | P49: 2.97 | Q49: 0.96 | R49: =IFERROR(VLOOKUP($B49&"|"&$C49,测试原始数据!$A$2:$G$131,4,FALSE),"——") -> 20.255 | S49: =IFERROR(VLOOKUP($B49&"|"&$C49,测试原始数据!$A$2:$G$131,5,FALSE),"——") -> 183 | T49: 2
A50: 49 | B50: D2-23 | C50: 14# | D50: 65.98 | E50: 0.6 | F50: 11.03 | G50: 0 | H50: 0.54 | I50: 4.95 | J50: 0 | K50: 0 | L50: 0 | M50: 1.26 | N50: 0.06 | O50: 11.62 | P50: 1.78 | Q50: 0 | R50: =IFERROR(VLOOKUP($B50&"|"&$C50,测试原始数据!$A$2:$G$131,4,FALSE),"——") -> 16.445 | S50: =IFERROR(VLOOKUP($B50&"|"&$C50,测试原始数据!$A$2:$G$131,5,FALSE),"——") -> 16
A51: 50 | B51: D2-24 | C51: 14# | D51: 65.73 | E51: 0.91 | F51: 0 | G51: 0 | H51: 1.84 | I51: 4.91 | J51: 4.51 | K51: 0 | L51: 0 | M51: 1.73 | N51: 0.06 | O51: 1.95 | P51: 4.39 | Q51: 1.46 | R51: =IFERROR(VLOOKUP($B51&"|"&$C51,测试原始数据!$A$2:$G$131,4,FALSE),"——") -> 17.59 | S51: =IFERROR(VLOOKUP($B51&"|"&$C51,测试原始数据!$A$2:$G$131,5,FALSE),"——") -> 78 | T51: 3
A52: 51 | B52: D2-24 | C52: 10# | D52: 65.73 | E52: 0.91 | F52: 0 | G52: 0 | H52: 1.84 | I52: 4.91 | J52: 4.51 | K52: 0 | L52: 0 | M52: 1.73 | N52: 0.06 | O52: 1.95 | P52: 4.39 | Q52: 1.46 | R52: =IFERROR(VLOOKUP($B52&"|"&$C52,测试原始数据!$A$2:$G$131,4,FALSE),"——") -> 18.453333 | S52: =IFERROR(VLOOKUP($B52&"|"&$C52,测试原始数据!$A$2:$G$131,5,FALSE),"——") -> 60 | T52: 3
A53: 52 | B53: D2-24 | C53: 18# | D53: 65.73 | E53: 0.91 | F53: 0 | G53: 0 | H53: 1.84 | I53: 4.91 | J53: 4.51 | K53: 0 | L53: 0 | M53: 1.73 | N53: 0.06 | O53: 1.95 | P53: 4.39 | Q53: 1.46 | R53: =IFERROR(VLOOKUP($B53&"|"&$C53,测试原始数据!$A$2:$G$131,4,FALSE),"——") -> 14.743333 | S53: =IFERROR(VLOOKUP($B53&"|"&$C53,测试原始数据!$A$2:$G$131,5,FALSE),"——") -> 63 | T53: 2
A54: 53 | B54: D3-1 | C54: 14# | D54: 66.04 | E54: 0 | F54: 0 | G54: 0.44 | H54: 4.53 | I54: 0 | J54: 6.6 | K54: 0 | L54: 0 | M54: 1.08 | N54: 0.06 | O54: 1.45 | P54: 6.67 | Q54: 0 | R54: =IFERROR(VLOOKUP($B54&"|"&$C54,测试原始数据!$A$2:$G$131,4,FALSE),"——") -> 15.67 | S54: =IFERROR(VLOOKUP($B54&"|"&$C54,测试原始数据!$A$2:$G$131,5,FALSE),"——") -> 8 | T54: 4+
A55: 54 | B55: D3-2 | C55: 14# | D55: 66.09 | E55: 2.2 | F55: 0 | G55: 0.65 | H55: 0 | I55: 0 | J55: 0 | K55: 1.68 | L55: 0 | M55: 0.56 | N55: 0.06 | O55: 2.15 | P55: 0.19 | Q55: 2.04 | R55: =IFERROR(VLOOKUP($B55&"|"&$C55,测试原始数据!$A$2:$G$131,4,FALSE),"——") -> 13.9 | S55: =IFERROR(VLOOKUP($B55&"|"&$C55,测试原始数据!$A$2:$G$131,5,FALSE),"——") -> 152 | T55: 2
A56: 55 | B56: D3-3 | C56: 14# | D56: 66.03 | E56: 2.26 | F56: 6.48 | G56: 0.47 | H56: 5.94 | I56: 0 | J56: 0.77 | K56: 0 | L56: 0.38 | M56: 3.09 | N56: 0.06 | O56: 1.32 | P56: 10.65 | Q56: 1.02 | R56: =IFERROR(VLOOKUP($B56&"|"&$C56,测试原始数据!$A$2:$G$131,4,FALSE),"——") -> 19.65 | S56: =IFERROR(VLOOKUP($B56&"|"&$C56,测试原始数据!$A$2:$G$131,5,FALSE),"——") -> 97 | T56: 4
A57: 56 | B57: D3-4 | C57: 14# | D57: 66.1 | E57: 2.35 | F57: 0 | G57: 0.49 | H57: 0 | I57: 5.88 | J57: 6.72 | K57: 2.89 | L57: 0 | M57: 2.02 | N57: 0.06 | O57: 11.46 | P57: 0.47 | Q57: 0.59 | R57: =IFERROR(VLOOKUP($B57&"|"&$C57,测试原始数据!$A$2:$G$131,4,FALSE),"——") -> 18.025 | S57: =IFERROR(VLOOKUP($B57&"|"&$C57,测试原始数据!$A$2:$G$131,5,FALSE),"——") -> 25 | T57: 3
A58: 57 | B58: D3-5 | C58: 14# | D58: 66.07 | E58: 0 | F58: 2.24 | G58: 0 | H58: 0 | I58: 1.48 | J58: 6.01 | K58: 3.35 | L58: 1.56 | M58: 1.63 | N58: 0.06 | O58: 11.32 | P58: 1 | Q58: 0 | R58: =IFERROR(VLOOKUP($B58&"|"&$C58,测试原始数据!$A$2:$G$131,4,FALSE),"——") -> 15.815 | S58: =IFERROR(VLOOKUP($B58&"|"&$C58,测试原始数据!$A$2:$G$131,5,FALSE),"——") -> 10 | T58: 4
A59: 58 | B59: D3-6 | C59: 14# | D59: 66.07 | E59: 2.6 | F59: 8.54 | G59: 0.32 | H59: 2.23 | I59: 0 | J59: 1.09 | K59: 0 | L59: 0.56 | M59: 0.79 | N59: 0.06 | O59: 11.86 | P59: 0.58 | Q59: 1.57 | R59: =IFERROR(VLOOKUP($B59&"|"&$C59,测试原始数据!$A$2:$G$131,4,FALSE),"——") -> 19.88 | S59: =IFERROR(VLOOKUP($B59&"|"&$C59,测试原始数据!$A$2:$G$131,5,FALSE),"——") -> 114 | T59: 2
A60: 59 | B60: D3-7 | C60: 14# | D60: 66.08 | E60: 0 | F60: 0 | G60: 0 | H60: 1.92 | I60: 6.47 | J60: 6.52 | K60: 3.03 | L60: 0 | M60: 2.5 | N60: 0.06 | O60: 2.85 | P60: 8.56 | Q60: 0.35 | R60: =IFERROR(VLOOKUP($B60&"|"&$C60,测试原始数据!$A$2:$G$131,4,FALSE),"——") -> 15.055 | S60: =IFERROR(VLOOKUP($B60&"|"&$C60,测试原始数据!$A$2:$G$131,5,FALSE),"——") -> 12 | T60: 4
A61: 60 | B61: D3-8 | C61: 14# | D61: 65.98 | E61: 1.36 | F61: 11.3 | G61: 0 | H61: 0 | I61: 2.53 | J61: 0 | K61: 0 | L61: 0 | M61: 1.01 | N61: 0.06 | O61: 0.99 | P61: 12.21 | Q61: 0 | R61: =IFERROR(VLOOKUP($B61&"|"&$C61,测试原始数据!$A$2:$G$131,4,FALSE),"——") -> 14.8 | S61: =IFERROR(VLOOKUP($B61&"|"&$C61,测试原始数据!$A$2:$G$131,5,FALSE),"——") -> 70 | T61: 2
A62: 61 | B62: D3-9 | C62: 14# | D62: 66.1 | E62: 0.51 | F62: 11.84 | G62: 0.37 | H62: 3.05 | I62: 7.84 | J62: 0 | K62: 0 | L62: 0 | M62: 3.41 | N62: 0.06 | O62: 3.89 | P62: 12.34 | Q62: 0 | R62: =IFERROR(VLOOKUP($B62&"|"&$C62,测试原始数据!$A$2:$G$131,4,FALSE),"——") -> 18.05 | S62: =IFERROR(VLOOKUP($B62&"|"&$C62,测试原始数据!$A$2:$G$131,5,FALSE),"——") -> 67 | T62: 3
A63: 62 | B63: D3-10 | C63: 14# | D63: 65.97 | E63: 3.27 | F63: 12.99 | G63: 0.7 | H63: 5.44 | I63: 0 | J63: 0.95 | K63: 3.94 | L63: 1.6 | M63: 4.14 | N63: 0.06 | O63: 5.91 | P63: 16.98 | Q63: 2.99 | R63: =IFERROR(VLOOKUP($B63&"|"&$C63,测试原始数据!$A$2:$G$131,4,FALSE),"——") -> 21.4 | S63: =IFERROR(VLOOKUP($B63&"|"&$C63,测试原始数据!$A$2:$G$131,5,FALSE),"——") -> 177 | T63: 5
A64: 63 | B64: D3-11 | C64: 14# | D64: 66.07 | E64: 3.44 | F64: 13.45 | G64: 0.68 | H64: 0 | I64: 1.68 | J64: 0 | K64: 0 | L64: 0 | M64: 1.23 | N64: 0.06 | O64: 12 | P64: 4.31 | Q64: 1.11 | R64: =IFERROR(VLOOKUP($B64&"|"&$C64,测试原始数据!$A$2:$G$131,4,FALSE),"——") -> 17.55 | S64: =IFERROR(VLOOKUP($B64&"|"&$C64,测试原始数据!$A$2:$G$131,5,FALSE),"——") -> 123 | T64: 2
A65: 64 | B65: D3-12 | C65: 14# | D65: 66.05 | E65: 2.69 | F65: 0 | G65: 0.1 | H65: 8.23 | I65: 8.99 | J65: 4.49 | K65: 0 | L65: 0.24 | M65: 3.41 | N65: 0.06 | O65: 1.62 | P65: 11.01 | Q65: 2.92 | R65: =IFERROR(VLOOKUP($B65&"|"&$C65,测试原始数据!$A$2:$G$131,4,FALSE),"——") -> 25.775 | S65: =IFERROR(VLOOKUP($B65&"|"&$C65,测试原始数据!$A$2:$G$131,5,FALSE),"——") -> 300 | T65: 4
A66: 65 | B66: D3-13 | C66: 14# | D66: 66.15 | E66: 0.72 | F66: 12.81 | G66: 0.2 | H66: 7.45 | I66: 0 | J66: 0.84 | K66: 0 | L66: 0 | M66: 2.8 | N66: 0.06 | O66: 12.49 | P66: 4.57 | Q66: 1.45 | R66: =IFERROR(VLOOKUP($B66&"|"&$C66,测试原始数据!$A$2:$G$131,4,FALSE),"——") -> 19.04 | S66: =IFERROR(VLOOKUP($B66&"|"&$C66,测试原始数据!$A$2:$G$131,5,FALSE),"——") -> 92 | T66: 4
... A78: 77 | B78: D3-24 | C78: 10# | D78: 65.87 | E78: 1.28 | F78: 5.12 | G78: 0.43 | H78: 2.65 | I78: 0 | J78: 3.38 | K78: 2.17 | L78: 0.84 | M78: 2.29 | N78: 0.06 | O78: 10.9 | P78: 2.23 | Q78: 0.37 | R78: =IFERROR(VLOOKUP($B78&"|"&$C78,测试原始数据!$A$2:$G$131,4,FALSE),"——") -> 19.56 | S78: =IFERROR(VLOOKUP($B78&"|"&$C78,测试原始数据!$A$2:$G$131,5,FALSE),"——") -> 67 | T78: 3
A79: 78 | B79: D3-24 | C79: 18# | D79: 65.87 | E79: 1.28 | F79: 5.12 | G79: 0.43 | H79: 2.65 | I79: 0 | J79: 3.38 | K79: 2.17 | L79: 0.84 | M79: 2.29 | N79: 0.06 | O79: 10.9 | P79: 2.23 | Q79: 0.37 | R79: =IFERROR(VLOOKUP($B79&"|"&$C79,测试原始数据!$A$2:$G$131,4,FALSE),"——") -> 17.27 | S79: =IFERROR(VLOOKUP($B79&"|"&$C79,测试原始数据!$A$2:$G$131,5,FALSE),"——") -> 26 | T79: 4+
A80: 79 | B80: D4-1 | C80: 14# | D80: 65.97 | E80: 1.42 | F80: 6.46 | G80: 0.65 | H80: 7 | I80: 8.98 | J80: 0 | K80: 1.26 | L80: 1.98 | M80: 3.09 | N80: 0.06 | O80: 11.84 | P80: 5.16 | Q80: 2.11 | R80: =IFERROR(VLOOKUP($B80&"|"&$C80,测试原始数据!$A$2:$G$131,4,FALSE),"——") -> 21.765 | S80: =IFERROR(VLOOKUP($B80&"|"&$C80,测试原始数据!$A$2:$G$131,5,FALSE),"——") -> 300 | T80: =IFERROR(VLOOKUP($B80&"|"&$C80,[1]测试原始数据!$A$2:$G$131,6,FALSE),"——") -> ——
A81: 80 | B81: D4-2 | C81: 14# | D81: 66.04 | E81: 0 | F81: 14.09 | G81: 0.32 | H81: 0 | I81: 1.3 | J81: 8.86 | K81: 3.38 | L81: 0 | M81: 3.64 | N81: 0.06 | O81: 4.85 | P81: 17.6 | Q81: 2.69 | R81: =IFERROR(VLOOKUP($B81&"|"&$C81,测试原始数据!$A$2:$G$131,4,FALSE),"——") -> 17.08 | S81: =IFERROR(VLOOKUP($B81&"|"&$C81,测试原始数据!$A$2:$G$131,5,FALSE),"——") -> 115 | T81: =IFERROR(VLOOKUP($B81&"|"&$C81,[1]测试原始数据!$A$2:$G$131,6,FALSE),"——") -> ——
A82: 81 | B82: D4-3 | C82: 14# | D82: 66.19 | E82: 0 | F82: 5.2 | G82: 0 | H82: 7.9 | I82: 7.81 | J82: 3.12 | K82: 0 | L82: 0 | M82: 1.51 | N82: 0.06 | O82: 8.8 | P82: 6.53 | Q82: 0.52 | R82: =IFERROR(VLOOKUP($B82&"|"&$C82,测试原始数据!$A$2:$G$131,4,FALSE),"——") -> 17.75 | S82: =IFERROR(VLOOKUP($B82&"|"&$C82,测试原始数据!$A$2:$G$131,5,FALSE),"——") -> 89 | T82: =IFERROR(VLOOKUP($B82&"|"&$C82,[1]测试原始数据!$A$2:$G$131,6,FALSE),"——") -> ——
A83: 82 | B83: D4-4 | C83: 14# | D83: 65.81 | E83: 3.59 | F83: 0 | G83: 0.13 | H83: 7.98 | I83: 7.9 | J83: 6.36 | K83: 4.31 | L83: 1.55 | M83: 2.95 | N83: 0.06 | O83: 12.39 | P83: 9.6 | Q83: 0.81 | R83: =IFERROR(VLOOKUP($B83&"|"&$C83,测试原始数据!$A$2:$G$131,4,FALSE),"——") -> 20.45 | S83: =IFERROR(VLOOKUP($B83&"|"&$C83,测试原始数据!$A$2:$G$131,5,FALSE),"——") -> 131 | T83: =IFERROR(VLOOKUP($B83&"|"&$C83,[1]测试原始数据!$A$2:$G$131,6,FALSE),"——") -> ——
A84: 83 | B84: D4-5 | C84: 14# | D84: 66.2 | E84: 3.26 | F84: 9.83 | G84: 0 | H84: 1.92 | I84: 7.36 | J84: 0 | K84: 0.87 | L84: 1.37 | M84: 2.88 | N84: 0.06 | O84: 5.3 | P84: 13.21 | Q84: 0 | R84: =IFERROR(VLOOKUP($B84&"|"&$C84,测试原始数据!$A$2:$G$131,4,FALSE),"——") -> 17.16 | S84: =IFERROR(VLOOKUP($B84&"|"&$C84,测试原始数据!$A$2:$G$131,5,FALSE),"——") -> 86 | T84: =IFERROR(VLOOKUP($B84&"|"&$C84,[1]测试原始数据!$A$2:$G$131,6,FALSE),"——") -> ——
A85: 84 | B85: D4-6 | C85: 14# | D85: 66.03 | E85: 2.59 | F85: 0 | G85: 0.41 | H85: 5.11 | I85: 4.12 | J85: 7.36 | K85: 0 | L85: 1.9 | M85: 1.05 | N85: 0.06 | O85: 11.35 | P85: 4.03 | Q85: 0.74 | R85: =IFERROR(VLOOKUP($B85&"|"&$C85,测试原始数据!$A$2:$G$131,4,FALSE),"——") -> 18.02 | S85: =IFERROR(VLOOKUP($B85&"|"&$C85,测试原始数据!$A$2:$G$131,5,FALSE),"——") -> 300 | T85: =IFERROR(VLOOKUP($B85&"|"&$C85,[1]测试原始数据!$A$2:$G$131,6,FALSE),"——") -> ——
A86: 85 | B86: D4-7 | C86: 14# | D86: 66.04 | E86: 0.87 | F86: 11.52 | G86: 0 | H86: 7.77 | I86: 3.76 | J86: 0 | K86: 2.88 | L86: 1.77 | M86: 3 | N86: 0.06 | O86: 11.36 | P86: 9.2 | Q86: 2.01 | R86: =IFERROR(VLOOKUP($B86&"|"&$C86,测试原始数据!$A$2:$G$131,4,FALSE),"——") -> 20.575 | S86: =IFERROR(VLOOKUP($B86&"|"&$C86,测试原始数据!$A$2:$G$131,5,FALSE),"——") -> 200 | T86: =IFERROR(VLOOKUP($B86&"|"&$C86,[1]测试原始数据!$A$2:$G$131,6,FALSE),"——") -> ——
A87: 86 | B87: D4-8 | C87: 14# | D87: 66.02 | E87: 0.53 | F87: 14.35 | G87: 0 | H87: 0 | I87: 0.9 | J87: 6.27 | K87: 0 | L87: 0 | M87: 1.59 | N87: 0.06 | O87: 12.47 | P87: 5.59 | Q87: 2.75 | R87: =IFERROR(VLOOKUP($B87&"|"&$C87,测试原始数据!$A$2:$G$131,4,FALSE),"——") -> 19.925 | S87: =IFERROR(VLOOKUP($B87&"|"&$C87,测试原始数据!$A$2:$G$131,5,FALSE),"——") -> 300 | T87: =IFERROR(VLOOKUP($B87&"|"&$C87,[1]测试原始数据!$A$2:$G$131,6,FALSE),"——") -> ——
A88: 87 | B88: D4-9 | C88: 14# | D88: 65.99 | E88: 0 | F88: 0 | G88: 0.2 | H88: 7.74 | I88: 7.94 | J88: 9.99 | K88: 1.65 | L88: 1.52 | M88: 1.43 | N88: 0.06 | O88: 5.55 | P88: 11.09 | Q88: 2.74 | R88: =IFERROR(VLOOKUP($B88&"|"&$C88,测试原始数据!$A$2:$G$131,4,FALSE),"——") -> 21.385 | S88: =IFERROR(VLOOKUP($B88&"|"&$C88,测试原始数据!$A$2:$G$131,5,FALSE),"——") -> 300 | T88: =IFERROR(VLOOKUP($B88&"|"&$C88,[1]测试原始数据!$A$2:$G$131,6,FALSE),"——") -> ——
A89: 88 | B89: D4-10 | C89: 14# | D89: 65.97 | E89: 3.27 | F89: 9.56 | G89: 0.77 | H89: 0 | I89: 1.49 | J89: 8.16 | K89: 0 | L89: 0.28 | M89: 2.94 | N89: 0.06 | O89: 10 | P89: 6.76 | Q89: 2.76 | R89: =IFERROR(VLOOKUP($B89&"|"&$C89,测试原始数据!$A$2:$G$131,4,FALSE),"——") -> 23.19 | S89: =IFERROR(VLOOKUP($B89&"|"&$C89,测试原始数据!$A$2:$G$131,5,FALSE),"——") -> 300 | T89: =IFERROR(VLOOKUP($B89&"|"&$C89,[1]测试原始数据!$A$2:$G$131,6,FALSE),"——") -> ——
A90: 89 | B90: D4-11 | C90: 14# | D90: 66.02 | E90: 0.43 | F90: 8.71 | G90: 0 | H90: 1.36 | I90: 7.48 | J90: 8.37 | K90: 3.56 | L90: 0 | M90: 2.14 | N90: 0.06 | O90: 11.29 | P90: 10.79 | Q90: 1.22 | R90: =IFERROR(VLOOKUP($B90&"|"&$C90,测试原始数据!$A$2:$G$131,4,FALSE),"——") -> 16.76 | S90: =IFERROR(VLOOKUP($B90&"|"&$C90,测试原始数据!$A$2:$G$131,5,FALSE),"——") -> 135 | T90: =IFERROR(VLOOKUP($B90&"|"&$C90,[1]测试原始数据!$A$2:$G$131,6,FALSE),"——") -> ——
A91: 90 | B91: D4-12 | C91: 14# | D91: 65.87 | E91: 3.6 | F91: 7.77 | G91: 0.32 | H91: 4.82 | I91: 8.17 | J91: 0 | K91: 1.3 | L91: 1.52 | M91: 1.06 | N91: 0.06 | O91: 7.57 | P91: 9.65 | Q91: 2.09 | R91: =IFERROR(VLOOKUP($B91&"|"&$C91,测试原始数据!$A$2:$G$131,4,FALSE),"——") -> 21.64 | S91: =IFERROR(VLOOKUP($B91&"|"&$C91,测试原始数据!$A$2:$G$131,5,FALSE),"——") -> 300 | T91: =IFERROR(VLOOKUP($B91&"|"&$C91,[1]测试原始数据!$A$2:$G$131,6,FALSE),"——") -> ——
... A115: 114 | B115: D6-12 | C115: 14# | D115: 65.99 | E115: 0.51 | F115: 13.09 | G115: 0 | H115: 0 | I115: 7.52 | J115: 0 | K115: 0 | L115: 0 | M115: 0.92 | N115: 0.06 | O115: 9.99 | P115: 3.84 | Q115: 2.83 | R115: =IFERROR(VLOOKUP($B115&"|"&$C115,测试原始数据!$A$2:$G$131,4,FALSE),"——") -> —— | S115: =IFERROR(VLOOKUP($B115&"|"&$C115,测试原始数据!$A$2:$G$131,5,FALSE),"——") -> —— | T115: =IFERROR(VLOOKUP($B115&"|"&$C115,[1]测试原始数据!$A$2:$G$131,6,FALSE),"——") -> ——
A116: 115 | B116: C4-1 | C116: 14# | D116: 66 | E116: =ROUND(SUMIF(换算明细!$A$2:$A$67,$B116,换算明细!$T$2:$T$67)*66/SUMIF(换算明细!$A$2:$A$67,$B116,换算明细!$S$2:$S$67),2) -> 0.7 | F116: =ROUND(SUMIF(换算明细!$A$2:$A$67,$B116,换算明细!$U$2:$U$67)*66/SUMIF(换算明细!$A$2:$A$67,$B116,换算明细!$S$2:$S$67),2) -> 10.32 | G116: =ROUND(SUMIF(换算明细!$A$2:$A$67,$B116,换算明细!$V$2:$V$67)*66/SUMIF(换算明细!$A$2:$A$67,$B116,换算明细!$S$2:$S$67),2) -> 0.48 | H116: =ROUND(SUMIF(换算明细!$A$2:$A$67,$B116,换算明细!$W$2:$W$67)*66/SUMIF(换算明细!$A$2:$A$67,$B116,换算明细!$S$2:$S$67),2) -> 3.46 | I116: =ROUND(SUMIF(换算明细!$A$2:$A$67,$B116,换算明细!$X$2:$X$67)*66/SUMIF(换算明细!$A$2:$A$67,$B116,换算明细!$S$2:$S$67),2) -> 5.1 | J116: =ROUND(SUMIF(换算明细!$A$2:$A$67,$B116,换算明细!$Y$2:$Y$67)*66/SUMIF(换算明细!$A$2:$A$67,$B116,换算明细!$S$2:$S$67),2) -> 4.48 | K116: =ROUND(SUMIF(换算明细!$A$2:$A$67,$B116,换算明细!$Z$2:$Z$67)*66/SUMIF(换算明细!$A$2:$A$67,$B116,换算明细!$S$2:$S$67),2) -> 2.33 | L116: =ROUND(SUMIF(换算明细!$A$2:$A$67,$B116,换算明细!$AA$2:$AA$67)*66/SUMIF(换算明细!$A$2:$A$67,$B116,换算明细!$S$2:$S$67),2) -> 0.98 | M116: =ROUND(SUMIF(换算明细!$A$2:$A$67,$B116,换算明细!$AB$2:$AB$67)*66/SUMIF(换算明细!$A$2:$A$67,$B116,换算明细!$S$2:$S$67),2) -> 3.37 | N116: =ROUND(SUMIF(换算明细!$A$2:$A$67,$B116,换算明细!$AC$2:$AC$67)*66/SUMIF(换算明细!$A$2:$A$67,$B116,换算明细!$S$2:$S$67),2) -> 0.06 | O116: =ROUND(SUMIF(换算明细!$A$2:$A$67,$B116,换算明细!$AD$2:$AD$67)*66/SUMIF(换算明细!$A$2:$A$67,$B116,换算明细!$S$2:$S$67),2) -> 8.3 | P116: =ROUND(SUMIF(换算明细!$A$2:$A$67,$B116,换算明细!$AE$2:$AE$67)*66/SUMIF(换算明细!$A$2:$A$67,$B116,换算明细!$S$2:$S$67),2) -> 11.45 | Q116: =ROUND(SUMIF(换算明细!$A$2:$A$67,$B116,换算明细!$AF$2:$AF$67)*66/SUMIF(换算明细!$A$2:$A$67,$B116,换算明细!$S$2:$S$67),2) -> 2.4 | R116: =IFERROR(VLOOKUP($B116&"|"&$C116,测试原始数据!$A$2:$G$131,4,FALSE),"——") -> 18.61 | S116: =IFERROR(VLOOKUP($B116&"|"&$C116,测试原始数据!$A$2:$G$131,5,FALSE),"——") -> 128 | T116: =IFERROR(VLOOKUP($B116&"|"&$C116,[1]测试原始数据!$A$2:$G$131,6,FALSE),"——") -> ——
A117: 116 | B117: C4-2 | C117: 14# | D117: 66 | E117: =ROUND(SUMIF(换算明细!$A$2:$A$67,$B117,换算明细!$T$2:$T$67)*66/SUMIF(换算明细!$A$2:$A$67,$B117,换算明细!$S$2:$S$67),2) -> 0 | F117: =ROUND(SUMIF(换算明细!$A$2:$A$67,$B117,换算明细!$U$2:$U$67)*66/SUMIF(换算明细!$A$2:$A$67,$B117,换算明细!$S$2:$S$67),2) -> 9.95 | G117: =ROUND(SUMIF(换算明细!$A$2:$A$67,$B117,换算明细!$V$2:$V$67)*66/SUMIF(换算明细!$A$2:$A$67,$B117,换算明细!$S$2:$S$67),2) -> 0.17 | H117: =ROUND(SUMIF(换算明细!$A$2:$A$67,$B117,换算明细!$W$2:$W$67)*66/SUMIF(换算明细!$A$2:$A$67,$B117,换算明细!$S$2:$S$67),2) -> 3.66 | I117: =ROUND(SUMIF(换算明细!$A$2:$A$67,$B117,换算明细!$X$2:$X$67)*66/SUMIF(换算明细!$A$2:$A$67,$B117,换算明细!$S$2:$S$67),2) -> 4.31 | J117: =ROUND(SUMIF(换算明细!$A$2:$A$67,$B117,换算明细!$Y$2:$Y$67)*66/SUMIF(换算明细!$A$2:$A$67,$B117,换算明细!$S$2:$S$67),2) -> 6.19 | K117: =ROUND(SUMIF(换算明细!$A$2:$A$67,$B117,换算明细!$Z$2:$Z$67)*66/SUMIF(换算明细!$A$2:$A$67,$B117,换算明细!$S$2:$S$67),2) -> 1.81 | L117: =ROUND(SUMIF(换算明细!$A$2:$A$67,$B117,换算明细!$AA$2:$AA$67)*66/SUMIF(换算明细!$A$2:$A$67,$B117,换算明细!$S$2:$S$67),2) -> 0 | M117: =ROUND(SUMIF(换算明细!$A$2:$A$67,$B117,换算明细!$AB$2:$AB$67)*66/SUMIF(换算明细!$A$2:$A$67,$B117,换算明细!$S$2:$S$67),2) -> 2.65 | N117: =ROUND(SUMIF(换算明细!$A$2:$A$67,$B117,换算明细!$AC$2:$AC$67)*66/SUMIF(换算明细!$A$2:$A$67,$B117,换算明细!$S$2:$S$67),2) -> 0.06 | O117: =ROUND(SUMIF(换算明细!$A$2:$A$67,$B117,换算明细!$AD$2:$AD$67)*66/SUMIF(换算明细!$A$2:$A$67,$B117,换算明细!$S$2:$S$67),2) -> 6.67 | P117: =ROUND(SUMIF(换算明细!$A$2:$A$67,$B117,换算明细!$AE$2:$AE$67)*66/SUMIF(换算明细!$A$2:$A$67,$B117,换算明细!$S$2:$S$67),2) -> 12.44 | Q117: =ROUND(SUMIF(换算明细!$A$2:$A$67,$B117,换算明细!$AF$2:$AF$67)*66/SUMIF(换算明细!$A$2:$A$67,$B117,换算明细!$S$2:$S$67),2) -> 1.68 | R117: =IFERROR(VLOOKUP($B117&"|"&$C117,测试原始数据!$A$2:$G$131,4,FALSE),"——") -> 17.96 | S117: =IFERROR(VLOOKUP($B117&"|"&$C117,测试原始数据!$A$2:$G$131,5,FALSE),"——") -> 92 | T117: =IFERROR(VLOOKUP($B117&"|"&$C117,[1]测试原始数据!$A$2:$G$131,6,FALSE),"——") -> ——
A118: 117 | B118: C4-3 | C118: 14# | D118: 66 | E118: =ROUND(SUMIF(换算明细!$A$2:$A$67,$B118,换算明细!$T$2:$T$67)*66/SUMIF(换算明细!$A$2:$A$67,$B118,换算明细!$S$2:$S$67),2) -> 1.57 | F118: =ROUND(SUMIF(换算明细!$A$2:$A$67,$B118,换算明细!$U$2:$U$67)*66/SUMIF(换算明细!$A$2:$A$67,$B118,换算明细!$S$2:$S$67),2) -> 2.93 | G118: =ROUND(SUMIF(换算明细!$A$2:$A$67,$B118,换算明细!$V$2:$V$67)*66/SUMIF(换算明细!$A$2:$A$67,$B118,换算明细!$S$2:$S$67),2) -> 0.06 | H118: =ROUND(SUMIF(换算明细!$A$2:$A$67,$B118,换算明细!$W$2:$W$67)*66/SUMIF(换算明细!$A$2:$A$67,$B118,换算明细!$S$2:$S$67),2) -> 7.93 | I118: =ROUND(SUMIF(换算明细!$A$2:$A$67,$B118,换算明细!$X$2:$X$67)*66/SUMIF(换算明细!$A$2:$A$67,$B118,换算明细!$S$2:$S$67),2) -> 7.85 | J118: =ROUND(SUMIF(换算明细!$A$2:$A$67,$B118,换算明细!$Y$2:$Y$67)*66/SUMIF(换算明细!$A$2:$A$67,$B118,换算明细!$S$2:$S$67),2) -> 4.53 | K118: =ROUND(SUMIF(换算明细!$A$2:$A$67,$B118,换算明细!$Z$2:$Z$67)*66/SUMIF(换算明细!$A$2:$A$67,$B118,换算明细!$S$2:$S$67),2) -> 1.88 | L118: =ROUND(SUMIF(换算明细!$A$2:$A$67,$B118,换算明细!$AA$2:$AA$67)*66/SUMIF(换算明细!$A$2:$A$67,$B118,换算明细!$S$2:$S$67),2) -> 0.68 | M118: =ROUND(SUMIF(换算明细!$A$2:$A$67,$B118,换算明细!$AB$2:$AB$67)*66/SUMIF(换算明细!$A$2:$A$67,$B118,换算明细!$S$2:$S$67),2) -> 2.14 | N118: =ROUND(SUMIF(换算明细!$A$2:$A$67,$B118,换算明细!$AC$2:$AC$67)*66/SUMIF(换算明细!$A$2:$A$67,$B118,换算明细!$S$2:$S$67),2) -> 0.06 | O118: =ROUND(SUMIF(换算明细!$A$2:$A$67,$B118,换算明细!$AD$2:$AD$67)*66/SUMIF(换算明细!$A$2:$A$67,$B118,换算明细!$S$2:$S$67),2) -> 10.36 | P118: =ROUND(SUMIF(换算明细!$A$2:$A$67,$B118,换算明细!$AE$2:$AE$67)*66/SUMIF(换算明细!$A$2:$A$67,$B118,换算明细!$S$2:$S$67),2) -> 7.87 | Q118: =ROUND(SUMIF(换算明细!$A$2:$A$67,$B118,换算明细!$AF$2:$AF$67)*66/SUMIF(换算明细!$A$2:$A$67,$B118,换算明细!$S$2:$S$67),2) -> 0.65 | R118: =IFERROR(VLOOKUP($B118&"|"&$C118,测试原始数据!$A$2:$G$131,4,FALSE),"——") -> 20.015 | S118: =IFERROR(VLOOKUP($B118&"|"&$C118,测试原始数据!$A$2:$G$131,5,FALSE),"——") -> 98 | T118: =IFERROR(VLOOKUP($B118&"|"&$C118,[1]测试原始数据!$A$2:$G$131,6,FALSE),"——") -> ——
A119: 118 | B119: C4-4 | C119: 14# | D119: 66 | E119: =ROUND(SUMIF(换算明细!$A$2:$A$67,$B119,换算明细!$T$2:$T$67)*66/SUMIF(换算明细!$A$2:$A$67,$B119,换算明细!$S$2:$S$67),2) -> 3.46 | F119: =ROUND(SUMIF(换算明细!$A$2:$A$67,$B119,换算明细!$U$2:$U$67)*66/SUMIF(换算明细!$A$2:$A$67,$B119,换算明细!$S$2:$S$67),2) -> 4.07 | G119: =ROUND(SUMIF(换算明细!$A$2:$A$67,$B119,换算明细!$V$2:$V$67)*66/SUMIF(换算明细!$A$2:$A$67,$B119,换算明细!$S$2:$S$67),2) -> 0.08 | H119: =ROUND(SUMIF(换算明细!$A$2:$A$67,$B119,换算明细!$W$2:$W$67)*66/SUMIF(换算明细!$A$2:$A$67,$B119,换算明细!$S$2:$S$67),2) -> 5.48 | I119: =ROUND(SUMIF(换算明细!$A$2:$A$67,$B119,换算明细!$X$2:$X$67)*66/SUMIF(换算明细!$A$2:$A$67,$B119,换算明细!$S$2:$S$67),2) -> 7.68 | J119: =ROUND(SUMIF(换算明细!$A$2:$A$67,$B119,换算明细!$Y$2:$Y$67)*66/SUMIF(换算明细!$A$2:$A$67,$B119,换算明细!$S$2:$S$67),2) -> 3.73 | K119: =ROUND(SUMIF(换算明细!$A$2:$A$67,$B119,换算明细!$Z$2:$Z$67)*66/SUMIF(换算明细!$A$2:$A$67,$B119,换算明细!$S$2:$S$67),2) -> 2.89 | L119: =ROUND(SUMIF(换算明细!$A$2:$A$67,$B119,换算明细!$AA$2:$AA$67)*66/SUMIF(换算明细!$A$2:$A$67,$B119,换算明细!$S$2:$S$67),2) -> 1.48 | M119: =ROUND(SUMIF(换算明细!$A$2:$A$67,$B119,换算明细!$AB$2:$AB$67)*66/SUMIF(换算明细!$A$2:$A$67,$B119,换算明细!$S$2:$S$67),2) -> 2.92 | N119: =ROUND(SUMIF(换算明细!$A$2:$A$67,$B119,换算明细!$AC$2:$AC$67)*66/SUMIF(换算明细!$A$2:$A$67,$B119,换算明细!$S$2:$S$67),2) -> 0.06 | O119: =ROUND(SUMIF(换算明细!$A$2:$A$67,$B119,换算明细!$AD$2:$AD$67)*66/SUMIF(换算明细!$A$2:$A$67,$B119,换算明细!$S$2:$S$67),2) -> 9.46 | P119: =ROUND(SUMIF(换算明细!$A$2:$A$67,$B119,换算明细!$AE$2:$AE$67)*66/SUMIF(换算明细!$A$2:$A$67,$B119,换算明细!$S$2:$S$67),2) -> 11.1 | Q119: =ROUND(SUMIF(换算明细!$A$2:$A$67,$B119,换算明细!$AF$2:$AF$67)*66/SUMIF(换算明细!$A$2:$A$67,$B119,换算明细!$S$2:$S$67),2) -> 0.48 | R119: =IFERROR(VLOOKUP($B119&"|"&$C119,测试原始数据!$A$2:$G$131,4,FALSE),"——") -> 19.8 | S119: =IFERROR(VLOOKUP($B119&"|"&$C119,测试原始数据!$A$2:$G$131,5,FALSE),"——") -> 107 | T119: =IFERROR(VLOOKUP($B119&"|"&$C119,[1]测试原始数据!$A$2:$G$131,6,FALSE),"——") -> ——
A120: 119 | B120: C4-5 | C120: 14# | D120: 66 | E120: =ROUND(SUMIF(换算明细!$A$2:$A$67,$B120,换算明细!$T$2:$T$67)*66/SUMIF(换算明细!$A$2:$A$67,$B120,换算明细!$S$2:$S$67),2) -> 2.91 | F120: =ROUND(SUMIF(换算明细!$A$2:$A$67,$B120,换算明细!$U$2:$U$67)*66/SUMIF(换算明细!$A$2:$A$67,$B120,换算明细!$S$2:$S$67),2) -> 4.79 | G120: =ROUND(SUMIF(换算明细!$A$2:$A$67,$B120,换算明细!$V$2:$V$67)*66/SUMIF(换算明细!$A$2:$A$67,$B120,换算明细!$S$2:$S$67),2) -> 0.21 | H120: =ROUND(SUMIF(换算明细!$A$2:$A$67,$B120,换算明细!$W$2:$W$67)*66/SUMIF(换算明细!$A$2:$A$67,$B120,换算明细!$S$2:$S$67),2) -> 3.55 | I120: =ROUND(SUMIF(换算明细!$A$2:$A$67,$B120,换算明细!$X$2:$X$67)*66/SUMIF(换算明细!$A$2:$A$67,$B120,换算明细!$S$2:$S$67),2) -> 5.69 | J120: =ROUND(SUMIF(换算明细!$A$2:$A$67,$B120,换算明细!$Y$2:$Y$67)*66/SUMIF(换算明细!$A$2:$A$67,$B120,换算明细!$S$2:$S$67),2) -> 3.76 | K120: =ROUND(SUMIF(换算明细!$A$2:$A$67,$B120,换算明细!$Z$2:$Z$67)*66/SUMIF(换算明细!$A$2:$A$67,$B120,换算明细!$S$2:$S$67),2) -> 0.42 | L120: =ROUND(SUMIF(换算明细!$A$2:$A$67,$B120,换算明细!$AA$2:$AA$67)*66/SUMIF(换算明细!$A$2:$A$67,$B120,换算明细!$S$2:$S$67),2) -> 1.64 | M120: =ROUND(SUMIF(换算明细!$A$2:$A$67,$B120,换算明细!$AB$2:$AB$67)*66/SUMIF(换算明细!$A$2:$A$67,$B120,换算明细!$S$2:$S$67),2) -> 1.94 | N120: =ROUND(SUMIF(换算明细!$A$2:$A$67,$B120,换算明细!$AC$2:$AC$67)*66/SUMIF(换算明细!$A$2:$A$67,$B120,换算明细!$S$2:$S$67),2) -> 0.06 | O120: =ROUND(SUMIF(换算明细!$A$2:$A$67,$B120,换算明细!$AD$2:$AD$67)*66/SUMIF(换算明细!$A$2:$A$67,$B120,换算明细!$S$2:$S$67),2) -> 8.38 | P120: =ROUND(SUMIF(换算明细!$A$2:$A$67,$B120,换算明细!$AE$2:$AE$67)*66/SUMIF(换算明细!$A$2:$A$67,$B120,换算明细!$S$2:$S$67),2) -> 8.5 | Q120: =ROUND(SUMIF(换算明细!$A$2:$A$67,$B120,换算明细!$AF$2:$AF$67)*66/SUMIF(换算明细!$A$2:$A$67,$B120,换算明细!$S$2:$S$67),2) -> 0.38 | R120: =IFERROR(VLOOKUP($B120&"|"&$C120,测试原始数据!$A$2:$G$131,4,FALSE),"——") -> 18.675 | S120: =IFERROR(VLOOKUP($B120&"|"&$C120,测试原始数据!$A$2:$G$131,5,FALSE),"——") -> 200 | T120: =IFERROR(VLOOKUP($B120&"|"&$C120,[1]测试原始数据!$A$2:$G$131,6,FALSE),"——") -> ——
A121: 120 | B121: C4-6 | C121: 14# | D121: 66 | E121: =ROUND(SUMIF(换算明细!$A$2:$A$67,$B121,换算明细!$T$2:$T$67)*66/SUMIF(换算明细!$A$2:$A$67,$B121,换算明细!$S$2:$S$67),2) -> 1.79 | F121: =ROUND(SUMIF(换算明细!$A$2:$A$67,$B121,换算明细!$U$2:$U$67)*66/SUMIF(换算明细!$A$2:$A$67,$B121,换算明细!$S$2:$S$67),2) -> 5.36 | G121: =ROUND(SUMIF(换算明细!$A$2:$A$67,$B121,换算明细!$V$2:$V$67)*66/SUMIF(换算明细!$A$2:$A$67,$B121,换算明细!$S$2:$S$67),2) -> 0.22 | H121: =ROUND(SUMIF(换算明细!$A$2:$A$67,$B121,换算明细!$W$2:$W$67)*66/SUMIF(换算明细!$A$2:$A$67,$B121,换算明细!$S$2:$S$67),2) -> 6.35 | I121: =ROUND(SUMIF(换算明细!$A$2:$A$67,$B121,换算明细!$X$2:$X$67)*66/SUMIF(换算明细!$A$2:$A$67,$B121,换算明细!$S$2:$S$67),2) -> 3.95 | J121: =ROUND(SUMIF(换算明细!$A$2:$A$67,$B121,换算明细!$Y$2:$Y$67)*66/SUMIF(换算明细!$A$2:$A$67,$B121,换算明细!$S$2:$S$67),2) -> 3.93 | K121: =ROUND(SUMIF(换算明细!$A$2:$A$67,$B121,换算明细!$Z$2:$Z$67)*66/SUMIF(换算明细!$A$2:$A$67,$B121,换算明细!$S$2:$S$67),2) -> 1.34 | L121: =ROUND(SUMIF(换算明细!$A$2:$A$67,$B121,换算明细!$AA$2:$AA$67)*66/SUMIF(换算明细!$A$2:$A$67,$B121,换算明细!$S$2:$S$67),2) -> 1.84 | M121: =ROUND(SUMIF(换算明细!$A$2:$A$67,$B121,换算明细!$AB$2:$AB$67)*66/SUMIF(换算明细!$A$2:$A$67,$B121,换算明细!$S$2:$S$67),2) -> 1.96 | N121: =ROUND(SUMIF(换算明细!$A$2:$A$67,$B121,换算明细!$AC$2:$AC$67)*66/SUMIF(换算明细!$A$2:$A$67,$B121,换算明细!$S$2:$S$67),2) -> 0.06 | O121: =ROUND(SUMIF(换算明细!$A$2:$A$67,$B121,换算明细!$AD$2:$AD$67)*66/SUMIF(换算明细!$A$2:$A$67,$B121,换算明细!$S$2:$S$67),2) -> 11.35 | P121: =ROUND(SUMIF(换算明细!$A$2:$A$67,$B121,换算明细!$AE$2:$AE$67)*66/SUMIF(换算明细!$A$2:$A$67,$B121,换算明细!$S$2:$S$67),2) -> 6.43 | Q121: =ROUND(SUMIF(换算明细!$A$2:$A$67,$B121,换算明细!$AF$2:$AF$67)*66/SUMIF(换算明细!$A$2:$A$67,$B121,换算明细!$S$2:$S$67),2) -> 1.33 | R121: =IFERROR(VLOOKUP($B121&"|"&$C121,测试原始数据!$A$2:$G$131,4,FALSE),"——") -> 20.645 | S121: =IFERROR(VLOOKUP($B121&"|"&$C121,测试原始数据!$A$2:$G$131,5,FALSE),"——") -> 300 | T121: =IFERROR(VLOOKUP($B121&"|"&$C121,[1]测试原始数据!$A$2:$G$131,6,FALSE),"——") -> ——
A122: 121 | B122: C4-7 | C122: 14# | D122: 66 | E122: =ROUND(SUMIF(换算明细!$A$2:$A$67,$B122,换算明细!$T$2:$T$67)*66/SUMIF(换算明细!$A$2:$A$67,$B122,换算明细!$S$2:$S$67),2) -> 0.7 | F122: =ROUND(SUMIF(换算明细!$A$2:$A$67,$B122,换算明细!$U$2:$U$67)*66/SUMIF(换算明细!$A$2:$A$67,$B122,换算明细!$S$2:$S$67),2) -> 12.93 | G122: =ROUND(SUMIF(换算明细!$A$2:$A$67,$B122,换算明细!$V$2:$V$67)*66/SUMIF(换算明细!$A$2:$A$67,$B122,换算明细!$S$2:$S$67),2) -> 0 | H122: =ROUND(SUMIF(换算明细!$A$2:$A$67,$B122,换算明细!$W$2:$W$67)*66/SUMIF(换算明细!$A$2:$A$67,$B122,换算明细!$S$2:$S$67),2) -> 3.89 | I122: =ROUND(SUMIF(换算明细!$A$2:$A$67,$B122,换算明细!$X$2:$X$67)*66/SUMIF(换算明细!$A$2:$A$67,$B122,换算明细!$S$2:$S$67),2) -> 2.33 | J122: =ROUND(SUMIF(换算明细!$A$2:$A$67,$B122,换算明细!$Y$2:$Y$67)*66/SUMIF(换算明细!$A$2:$A$67,$B122,换算明细!$S$2:$S$67),2) -> 3.13 | K122: =ROUND(SUMIF(换算明细!$A$2:$A$67,$B122,换算明细!$Z$2:$Z$67)*66/SUMIF(换算明细!$A$2:$A$67,$B122,换算明细!$S$2:$S$67),2) -> 1.44 | L122: =ROUND(SUMIF(换算明细!$A$2:$A$67,$B122,换算明细!$AA$2:$AA$67)*66/SUMIF(换算明细!$A$2:$A$67,$B122,换算明细!$S$2:$S$67),2) -> 0.89 | M122: =ROUND(SUMIF(换算明细!$A$2:$A$67,$B122,换算明细!$AB$2:$AB$67)*66/SUMIF(换算明细!$A$2:$A$67,$B122,换算明细!$S$2:$S$67),2) -> 2.3 | N122: =ROUND(SUMIF(换算明细!$A$2:$A$67,$B122,换算明细!$AC$2:$AC$67)*66/SUMIF(换算明细!$A$2:$A$67,$B122,换算明细!$S$2:$S$67),2) -> 0.06 | O122: =ROUND(SUMIF(换算明细!$A$2:$A$67,$B122,换算明细!$AD$2:$AD$67)*66/SUMIF(换算明细!$A$2:$A$67,$B122,换算明细!$S$2:$S$67),2) -> 11.91 | P122: =ROUND(SUMIF(换算明细!$A$2:$A$67,$B122,换算明细!$AE$2:$AE$67)*66/SUMIF(换算明细!$A$2:$A$67,$B122,换算明细!$S$2:$S$67),2) -> 7.39 | Q122: =ROUND(SUMIF(换算明细!$A$2:$A$67,$B122,换算明细!$AF$2:$AF$67)*66/SUMIF(换算明细!$A$2:$A$67,$B122,换算明细!$S$2:$S$67),2) -> 2.38 | R122: =IFERROR(VLOOKUP($B122&"|"&$C122,测试原始数据!$A$2:$G$131,4,FALSE),"——") -> 19.27 | S122: =IFERROR(VLOOKUP($B122&"|"&$C122,测试原始数据!$A$2:$G$131,5,FALSE),"——") -> 300 | T122: =IFERROR(VLOOKUP($B122&"|"&$C122,[1]测试原始数据!$A$2:$G$131,6,FALSE),"——") -> ——
A123: 122 | B123: C4-8 | C123: 14# | D123: 66 | E123: =ROUND(SUMIF(换算明细!$A$2:$A$67,$B123,换算明细!$T$2:$T$67)*66/SUMIF(换算明细!$A$2:$A$67,$B123,换算明细!$S$2:$S$67),2) -> 0.88 | F123: =ROUND(SUMIF(换算明细!$A$2:$A$67,$B123,换算明细!$U$2:$U$67)*66/SUMIF(换算明细!$A$2:$A$67,$B123,换算明细!$S$2:$S$67),2) -> 11.27 | G123: =ROUND(SUMIF(换算明细!$A$2:$A$67,$B123,换算明细!$V$2:$V$67)*66/SUMIF(换算明细!$A$2:$A$67,$B123,换算明细!$S$2:$S$67),2) -> 0.25 | H123: =ROUND(SUMIF(换算明细!$A$2:$A$67,$B123,换算明细!$W$2:$W$67)*66/SUMIF(换算明细!$A$2:$A$67,$B123,换算明细!$S$2:$S$67),2) -> 2.73 | I123: =ROUND(SUMIF(换算明细!$A$2:$A$67,$B123,换算明细!$X$2:$X$67)*66/SUMIF(换算明细!$A$2:$A$67,$B123,换算明细!$S$2:$S$67),2) -> 4.05 | J123: =ROUND(SUMIF(换算明细!$A$2:$A$67,$B123,换算明细!$Y$2:$Y$67)*66/SUMIF(换算明细!$A$2:$A$67,$B123,换算明细!$S$2:$S$67),2) -> 3.82 | K123: =ROUND(SUMIF(换算明细!$A$2:$A$67,$B123,换算明细!$Z$2:$Z$67)*66/SUMIF(换算明细!$A$2:$A$67,$B123,换算明细!$S$2:$S$67),2) -> 0.49 | L123: =ROUND(SUMIF(换算明细!$A$2:$A$67,$B123,换算明细!$AA$2:$AA$67)*66/SUMIF(换算明细!$A$2:$A$67,$B123,换算明细!$S$2:$S$67),2) -> 0.77 | M123: =ROUND(SUMIF(换算明细!$A$2:$A$67,$B123,换算明细!$AB$2:$AB$67)*66/SUMIF(换算明细!$A$2:$A$67,$B123,换算明细!$S$2:$S$67),2) -> 2.18 | N123: =ROUND(SUMIF(换算明细!$A$2:$A$67,$B123,换算明细!$AC$2:$AC$67)*66/SUMIF(换算明细!$A$2:$A$67,$B123,换算明细!$S$2:$S$67),2) -> 0.06 | O123: =ROUND(SUMIF(换算明细!$A$2:$A$67,$B123,换算明细!$AD$2:$AD$67)*66/SUMIF(换算明细!$A$2:$A$67,$B123,换算明细!$S$2:$S$67),2) -> 12.22 | P123: =ROUND(SUMIF(换算明细!$A$2:$A$67,$B123,换算明细!$AE$2:$AE$67)*66/SUMIF(换算明细!$A$2:$A$67,$B123,换算明细!$S$2:$S$67),2) -> 5.42 | Q123: =ROUND(SUMIF(换算明细!$A$2:$A$67,$B123,换算明细!$AF$2:$AF$67)*66/SUMIF(换算明细!$A$2:$A$67,$B123,换算明细!$S$2:$S$67),2) -> 2.5 | R123: =IFERROR(VLOOKUP($B123&"|"&$C123,测试原始数据!$A$2:$G$131,4,FALSE),"——") -> 20.28 | S123: =IFERROR(VLOOKUP($B123&"|"&$C123,测试原始数据!$A$2:$G$131,5,FALSE),"——") -> 300 | T123: =IFERROR(VLOOKUP($B123&"|"&$C123,[1]测试原始数据!$A$2:$G$131,6,FALSE),"——") -> ——
A124: 123 | B124: C4-8 | C124: 10# | D124: 66 | E124: =ROUND(SUMIF(换算明细!$A$2:$A$67,$B124,换算明细!$T$2:$T$67)*66/SUMIF(换算明细!$A$2:$A$67,$B124,换算明细!$S$2:$S$67),2) -> 0.88 | F124: =ROUND(SUMIF(换算明细!$A$2:$A$67,$B124,换算明细!$U$2:$U$67)*66/SUMIF(换算明细!$A$2:$A$67,$B124,换算明细!$S$2:$S$67),2) -> 11.27 | G124: =ROUND(SUMIF(换算明细!$A$2:$A$67,$B124,换算明细!$V$2:$V$67)*66/SUMIF(换算明细!$A$2:$A$67,$B124,换算明细!$S$2:$S$67),2) -> 0.25 | H124: =ROUND(SUMIF(换算明细!$A$2:$A$67,$B124,换算明细!$W$2:$W$67)*66/SUMIF(换算明细!$A$2:$A$67,$B124,换算明细!$S$2:$S$67),2) -> 2.73 | I124: =ROUND(SUMIF(换算明细!$A$2:$A$67,$B124,换算明细!$X$2:$X$67)*66/SUMIF(换算明细!$A$2:$A$67,$B124,换算明细!$S$2:$S$67),2) -> 4.05 | J124: =ROUND(SUMIF(换算明细!$A$2:$A$67,$B124,换算明细!$Y$2:$Y$67)*66/SUMIF(换算明细!$A$2:$A$67,$B124,换算明细!$S$2:$S$67),2) -> 3.82 | K124: =ROUND(SUMIF(换算明细!$A$2:$A$67,$B124,换算明细!$Z$2:$Z$67)*66/SUMIF(换算明细!$A$2:$A$67,$B124,换算明细!$S$2:$S$67),2) -> 0.49 | L124: =ROUND(SUMIF(换算明细!$A$2:$A$67,$B124,换算明细!$AA$2:$AA$67)*66/SUMIF(换算明细!$A$2:$A$67,$B124,换算明细!$S$2:$S$67),2) -> 0.77 | M124: =ROUND(SUMIF(换算明细!$A$2:$A$67,$B124,换算明细!$AB$2:$AB$67)*66/SUMIF(换算明细!$A$2:$A$67,$B124,换算明细!$S$2:$S$67),2) -> 2.18 | N124: =ROUND(SUMIF(换算明细!$A$2:$A$67,$B124,换算明细!$AC$2:$AC$67)*66/SUMIF(换算明细!$A$2:$A$67,$B124,换算明细!$S$2:$S$67),2) -> 0.06 | O124: =ROUND(SUMIF(换算明细!$A$2:$A$67,$B124,换算明细!$AD$2:$AD$67)*66/SUMIF(换算明细!$A$2:$A$67,$B124,换算明细!$S$2:$S$67),2) -> 12.22 | P124: =ROUND(SUMIF(换算明细!$A$2:$A$67,$B124,换算明细!$AE$2:$AE$67)*66/SUMIF(换算明细!$A$2:$A$67,$B124,换算明细!$S$2:$S$67),2) -> 5.42 | Q124: =ROUND(SUMIF(换算明细!$A$2:$A$67,$B124,换算明细!$AF$2:$AF$67)*66/SUMIF(换算明细!$A$2:$A$67,$B124,换算明细!$S$2:$S$67),2) -> 2.5 | R124: =IFERROR(VLOOKUP($B124&"|"&$C124,测试原始数据!$A$2:$G$131,4,FALSE),"——") -> 22.536667 | S124: =IFERROR(VLOOKUP($B124&"|"&$C124,测试原始数据!$A$2:$G$131,5,FALSE),"——") -> 300 | T124: =IFERROR(VLOOKUP($B124&"|"&$C124,[1]测试原始数据!$A$2:$G$131,6,FALSE),"——") -> ——
A125: 124 | B125: C4-8 | C125: 18# | D125: 66 | E125: =ROUND(SUMIF(换算明细!$A$2:$A$67,$B125,换算明细!$T$2:$T$67)*66/SUMIF(换算明细!$A$2:$A$67,$B125,换算明细!$S$2:$S$67),2) -> 0.88 | F125: =ROUND(SUMIF(换算明细!$A$2:$A$67,$B125,换算明细!$U$2:$U$67)*66/SUMIF(换算明细!$A$2:$A$67,$B125,换算明细!$S$2:$S$67),2) -> 11.27 | G125: =ROUND(SUMIF(换算明细!$A$2:$A$67,$B125,换算明细!$V$2:$V$67)*66/SUMIF(换算明细!$A$2:$A$67,$B125,换算明细!$S$2:$S$67),2) -> 0.25 | H125: =ROUND(SUMIF(换算明细!$A$2:$A$67,$B125,换算明细!$W$2:$W$67)*66/SUMIF(换算明细!$A$2:$A$67,$B125,换算明细!$S$2:$S$67),2) -> 2.73 | I125: =ROUND(SUMIF(换算明细!$A$2:$A$67,$B125,换算明细!$X$2:$X$67)*66/SUMIF(换算明细!$A$2:$A$67,$B125,换算明细!$S$2:$S$67),2) -> 4.05 | J125: =ROUND(SUMIF(换算明细!$A$2:$A$67,$B125,换算明细!$Y$2:$Y$67)*66/SUMIF(换算明细!$A$2:$A$67,$B125,换算明细!$S$2:$S$67),2) -> 3.82 | K125: =ROUND(SUMIF(换算明细!$A$2:$A$67,$B125,换算明细!$Z$2:$Z$67)*66/SUMIF(换算明细!$A$2:$A$67,$B125,换算明细!$S$2:$S$67),2) -> 0.49 | L125: =ROUND(SUMIF(换算明细!$A$2:$A$67,$B125,换算明细!$AA$2:$AA$67)*66/SUMIF(换算明细!$A$2:$A$67,$B125,换算明细!$S$2:$S$67),2) -> 0.77 | M125: =ROUND(SUMIF(换算明细!$A$2:$A$67,$B125,换算明细!$AB$2:$AB$67)*66/SUMIF(换算明细!$A$2:$A$67,$B125,换算明细!$S$2:$S$67),2) -> 2.18 | N125: =ROUND(SUMIF(换算明细!$A$2:$A$67,$B125,换算明细!$AC$2:$AC$67)*66/SUMIF(换算明细!$A$2:$A$67,$B125,换算明细!$S$2:$S$67),2) -> 0.06 | O125: =ROUND(SUMIF(换算明细!$A$2:$A$67,$B125,换算明细!$AD$2:$AD$67)*66/SUMIF(换算明细!$A$2:$A$67,$B125,换算明细!$S$2:$S$67),2) -> 12.22 | P125: =ROUND(SUMIF(换算明细!$A$2:$A$67,$B125,换算明细!$AE$2:$AE$67)*66/SUMIF(换算明细!$A$2:$A$67,$B125,换算明细!$S$2:$S$67),2) -> 5.42 | Q125: =ROUND(SUMIF(换算明细!$A$2:$A$67,$B125,换算明细!$AF$2:$AF$67)*66/SUMIF(换算明细!$A$2:$A$67,$B125,换算明细!$S$2:$S$67),2) -> 2.5 | R125: =IFERROR(VLOOKUP($B125&"|"&$C125,测试原始数据!$A$2:$G$131,4,FALSE),"——") -> 22.483333 | S125: =IFERROR(VLOOKUP($B125&"|"&$C125,测试原始数据!$A$2:$G$131,5,FALSE),"——") -> 300 | T125: =IFERROR(VLOOKUP($B125&"|"&$C125,[1]测试原始数据!$A$2:$G$131,6,FALSE),"——") -> ——
A126: 125 | B126: C5-1 | C126: 14# | D126: 66 | E126: =ROUND(SUMIF(换算明细!$A$2:$A$67,$B126,换算明细!$T$2:$T$67)*66/SUMIF(换算明细!$A$2:$A$67,$B126,换算明细!$S$2:$S$67),2) -> 2.36 | F126: =ROUND(SUMIF(换算明细!$A$2:$A$67,$B126,换算明细!$U$2:$U$67)*66/SUMIF(换算明细!$A$2:$A$67,$B126,换算明细!$S$2:$S$67),2) -> 12.47 | G126: =ROUND(SUMIF(换算明细!$A$2:$A$67,$B126,换算明细!$V$2:$V$67)*66/SUMIF(换算明细!$A$2:$A$67,$B126,换算明细!$S$2:$S$67),2) -> 0.53 | H126: =ROUND(SUMIF(换算明细!$A$2:$A$67,$B126,换算明细!$W$2:$W$67)*66/SUMIF(换算明细!$A$2:$A$67,$B126,换算明细!$S$2:$S$67),2) -> 2.58 | I126: =ROUND(SUMIF(换算明细!$A$2:$A$67,$B126,换算明细!$X$2:$X$67)*66/SUMIF(换算明细!$A$2:$A$67,$B126,换算明细!$S$2:$S$67),2) -> 0 | J126: =ROUND(SUMIF(换算明细!$A$2:$A$67,$B126,换算明细!$Y$2:$Y$67)*66/SUMIF(换算明细!$A$2:$A$67,$B126,换算明细!$S$2:$S$67),2) -> 0 | K126: =ROUND(SUMIF(换算明细!$A$2:$A$67,$B126,换算明细!$Z$2:$Z$67)*66/SUMIF(换算明细!$A$2:$A$67,$B126,换算明细!$S$2:$S$67),2) -> 1.44 | L126: =ROUND(SUMIF(换算明细!$A$2:$A$67,$B126,换算明细!$AA$2:$AA$67)*66/SUMIF(换算明细!$A$2:$A$67,$B126,换算明细!$S$2:$S$67),2) -> 0.34 | M126: =ROUND(SUMIF(换算明细!$A$2:$A$67,$B126,换算明细!$AB$2:$AB$67)*66/SUMIF(换算明细!$A$2:$A$67,$B126,换算明细!$S$2:$S$67),2) -> 2.71 | N126: =ROUND(SUMIF(换算明细!$A$2:$A$67,$B126,换算明细!$AC$2:$AC$67)*66/SUMIF(换算明细!$A$2:$A$67,$B126,换算明细!$S$2:$S$67),2) -> 0.06 | O126: =ROUND(SUMIF(换算明细!$A$2:$A$67,$B126,换算明细!$AD$2:$AD$67)*66/SUMIF(换算明细!$A$2:$A$67,$B126,换算明细!$S$2:$S$67),2) -> 3.61 | P126: =ROUND(SUMIF(换算明细!$A$2:$A$67,$B126,换算明细!$AE$2:$AE$67)*66/SUMIF(换算明细!$A$2:$A$67,$B126,换算明细!$S$2:$S$67),2) -> 12.64 | Q126: =ROUND(SUMIF(换算明细!$A$2:$A$67,$B126,换算明细!$AF$2:$AF$67)*66/SUMIF(换算明细!$A$2:$A$67,$B126,换算明细!$S$2:$S$67),2) -> 1.6 | R126: =IFERROR(VLOOKUP($B126&"|"&$C126,测试原始数据!$A$2:$G$131,4,FALSE),"——") -> 17.545 | S126: =IFERROR(VLOOKUP($B126&"|"&$C126,测试原始数据!$A$2:$G$131,5,FALSE),"——") -> 78 | T126: =IFERROR(VLOOKUP($B126&"|"&$C126,[1]测试原始数据!$A$2:$G$131,6,FALSE),"——") -> ——
A127: 126 | B127: C5-2 | C127: 14# | D127: 66 | E127: =ROUND(SUMIF(换算明细!$A$2:$A$67,$B127,换算明细!$T$2:$T$67)*66/SUMIF(换算明细!$A$2:$A$67,$B127,换算明细!$S$2:$S$67),2) -> 2.82 | F127: =ROUND(SUMIF(换算明细!$A$2:$A$67,$B127,换算明细!$U$2:$U$67)*66/SUMIF(换算明细!$A$2:$A$67,$B127,换算明细!$S$2:$S$67),2) -> 5.8 | G127: =ROUND(SUMIF(换算明细!$A$2:$A$67,$B127,换算明细!$V$2:$V$67)*66/SUMIF(换算明细!$A$2:$A$67,$B127,换算明细!$S$2:$S$67),2) -> 0.43 | H127: =ROUND(SUMIF(换算明细!$A$2:$A$67,$B127,换算明细!$W$2:$W$67)*66/SUMIF(换算明细!$A$2:$A$67,$B127,换算明细!$S$2:$S$67),2) -> 0 | I127: =ROUND(SUMIF(换算明细!$A$2:$A$67,$B127,换算明细!$X$2:$X$67)*66/SUMIF(换算明细!$A$2:$A$67,$B127,换算明细!$S$2:$S$67),2) -> 0 | J127: =ROUND(SUMIF(换算明细!$A$2:$A$67,$B127,换算明细!$Y$2:$Y$67)*66/SUMIF(换算明细!$A$2:$A$67,$B127,换算明细!$S$2:$S$67),2) -> 3.26 | K127: =ROUND(SUMIF(换算明细!$A$2:$A$67,$B127,换算明细!$Z$2:$Z$67)*66/SUMIF(换算明细!$A$2:$A$67,$B127,换算明细!$S$2:$S$67),2) -> 1.38 | L127: =ROUND(SUMIF(换算明细!$A$2:$A$67,$B127,换算明细!$AA$2:$AA$67)*66/SUMIF(换算明细!$A$2:$A$67,$B127,换算明细!$S$2:$S$67),2) -> 0.98 | M127: =ROUND(SUMIF(换算明细!$A$2:$A$67,$B127,换算明细!$AB$2:$AB$67)*66/SUMIF(换算明细!$A$2:$A$67,$B127,换算明细!$S$2:$S$67),2) -> 1.57 | N127: =ROUND(SUMIF(换算明细!$A$2:$A$67,$B127,换算明细!$AC$2:$AC$67)*66/SUMIF(换算明细!$A$2:$A$67,$B127,换算明细!$S$2:$S$67),2) -> 0.06 | O127: =ROUND(SUMIF(换算明细!$A$2:$A$67,$B127,换算明细!$AD$2:$AD$67)*66/SUMIF(换算明细!$A$2:$A$67,$B127,换算明细!$S$2:$S$67),2) -> 3.63 | P127: =ROUND(SUMIF(换算明细!$A$2:$A$67,$B127,换算明细!$AE$2:$AE$67)*66/SUMIF(换算明细!$A$2:$A$67,$B127,换算明细!$S$2:$S$67),2) -> 7.82 | Q127: =ROUND(SUMIF(换算明细!$A$2:$A$67,$B127,换算明细!$AF$2:$AF$67)*66/SUMIF(换算明细!$A$2:$A$67,$B127,换算明细!$S$2:$S$67),2) -> 1.3 | R127: =IFERROR(VLOOKUP($B127&"|"&$C127,测试原始数据!$A$2:$G$131,4,FALSE),"——") -> 17.925 | S127: =IFERROR(VLOOKUP($B127&"|"&$C127,测试原始数据!$A$2:$G$131,5,FALSE),"——") -> 94 | T127: =IFERROR(VLOOKUP($B127&"|"&$C127,[1]测试原始数据!$A$2:$G$131,6,FALSE),"——") -> ——
... A151: 150 | B151: C6-8 | C151: 14# | D151: 66 | E151: =ROUND(SUMIF(换算明细!$A$2:$A$67,$B151,换算明细!$T$2:$T$67)*66/SUMIF(换算明细!$A$2:$A$67,$B151,换算明细!$S$2:$S$67),2) -> 1.8 | F151: =ROUND(SUMIF(换算明细!$A$2:$A$67,$B151,换算明细!$U$2:$U$67)*66/SUMIF(换算明细!$A$2:$A$67,$B151,换算明细!$S$2:$S$67),2) -> 6.61 | G151: =ROUND(SUMIF(换算明细!$A$2:$A$67,$B151,换算明细!$V$2:$V$67)*66/SUMIF(换算明细!$A$2:$A$67,$B151,换算明细!$S$2:$S$67),2) -> 0.43 | H151: =ROUND(SUMIF(换算明细!$A$2:$A$67,$B151,换算明细!$W$2:$W$67)*66/SUMIF(换算明细!$A$2:$A$67,$B151,换算明细!$S$2:$S$67),2) -> 2.25 | I151: =ROUND(SUMIF(换算明细!$A$2:$A$67,$B151,换算明细!$X$2:$X$67)*66/SUMIF(换算明细!$A$2:$A$67,$B151,换算明细!$S$2:$S$67),2) -> 0 | J151: =ROUND(SUMIF(换算明细!$A$2:$A$67,$B151,换算明细!$Y$2:$Y$67)*66/SUMIF(换算明细!$A$2:$A$67,$B151,换算明细!$S$2:$S$67),2) -> 0 | K151: =ROUND(SUMIF(换算明细!$A$2:$A$67,$B151,换算明细!$Z$2:$Z$67)*66/SUMIF(换算明细!$A$2:$A$67,$B151,换算明细!$S$2:$S$67),2) -> 3.41 | L151: =ROUND(SUMIF(换算明细!$A$2:$A$67,$B151,换算明细!$AA$2:$AA$67)*66/SUMIF(换算明细!$A$2:$A$67,$B151,换算明细!$S$2:$S$67),2) -> 0 | M151: =ROUND(SUMIF(换算明细!$A$2:$A$67,$B151,换算明细!$AB$2:$AB$67)*66/SUMIF(换算明细!$A$2:$A$67,$B151,换算明细!$S$2:$S$67),2) -> 1.27 | N151: =ROUND(SUMIF(换算明细!$A$2:$A$67,$B151,换算明细!$AC$2:$AC$67)*66/SUMIF(换算明细!$A$2:$A$67,$B151,换算明细!$S$2:$S$67),2) -> 0.06 | O151: =ROUND(SUMIF(换算明细!$A$2:$A$67,$B151,换算明细!$AD$2:$AD$67)*66/SUMIF(换算明细!$A$2:$A$67,$B151,换算明细!$S$2:$S$67),2) -> 6.06 | P151: =ROUND(SUMIF(换算明细!$A$2:$A$67,$B151,换算明细!$AE$2:$AE$67)*66/SUMIF(换算明细!$A$2:$A$67,$B151,换算明细!$S$2:$S$67),2) -> 6.03 | Q151: =ROUND(SUMIF(换算明细!$A$2:$A$67,$B151,换算明细!$AF$2:$AF$67)*66/SUMIF(换算明细!$A$2:$A$67,$B151,换算明细!$S$2:$S$67),2) -> 0.25 | R151: =IFERROR(VLOOKUP($B151&"|"&$C151,测试原始数据!$A$2:$G$131,4,FALSE),"——") -> —— | S151: =IFERROR(VLOOKUP($B151&"|"&$C151,测试原始数据!$A$2:$G$131,5,FALSE),"——") -> —— | T151: =IFERROR(VLOOKUP($B151&"|"&$C151,[1]测试原始数据!$A$2:$G$131,6,FALSE),"——") -> ——
A152: 151 | B152: D7-1 | C152: 14# | D152: 66.11 | E152: 1.66 | F152: 0 | G152: 0 | H152: 0 | I152: 0 | J152: 0 | K152: 0 | L152: 0 | M152: 1.98 | N152: 0.06 | O152: 0 | P152: 0.63 | Q152: 0.5 | R152: 13.45 | S152: 37 | T152: 4
A153: 152 | B153: D7-2 | C153: 14# | D153: 65.87 | E153: 4.95 | F153: 0 | G153: 0 | H153: 0 | I153: 0 | J153: 0 | K153: 0 | L153: 0 | M153: 1.99 | N153: 0.06 | O153: 0 | P153: 3.95 | Q153: 0.5 | R153: 16.195 | S153: 45 | T153: 2
A154: 153 | B154: D7-3 | C154: 14# | D154: 66.09 | E154: 9.96 | F154: 0 | G154: 0 | H154: 0 | I154: 0 | J154: 0 | K154: 0 | L154: 0 | M154: 1.99 | N154: 0.06 | O154: 0 | P154: 8.87 | Q154: 0.56 | R154: 19.85 | S154: 89 | T154: 2
A155: 154 | B155: D7-4 | C155: 14# | D155: 65.94 | E155: 16.47 | F155: 0 | G155: 0 | H155: 0 | I155: 0 | J155: 0 | K155: 0 | L155: 0 | M155: 2.01 | N155: 0.06 | O155: 0 | P155: 15.49 | Q155: 0.51 | R155: 21.56 | S155: 300+ | T155: 2
A156: 155 | B156: D7-5 | C156: 14# | D156: 65.94 | E156: 0 | F156: 1.64 | G156: 0 | H156: 0 | I156: 0 | J156: 0 | K156: 0 | L156: 0 | M156: 2.03 | N156: 0.06 | O156: 0 | P156: 0.65 | Q156: 0.56 | R156: 15.83 | S156: 4 | T156: 4+
A157: 156 | B157: D7-6 | C157: 14# | D157: 65.95 | E157: 0 | F157: 5.02 | G157: 0 | H157: 0 | I157: 0 | J157: 0 | K157: 0 | L157: 0 | M157: 2.11 | N157: 0.06 | O157: 0 | P157: 3.91 | Q157: 0.52 | R157: 13.765 | S157: 55 | T157: 2
A158: 157 | B158: D7-7 | C158: 14# | D158: 65.87 | E158: 0 | F158: 9.91 | G158: 0 | H158: 0 | I158: 0 | J158: 0 | K158: 0 | L158: 0 | M158: 2 | N158: 0.06 | O158: 0 | P158: 8.89 | Q158: 0.52 | R158: 14.98 | S158: 60 | T158: 2
A159: 158 | B159: D7-8 | C159: 14# | D159: 65.99 | E159: 0 | F159: 16.48 | G159: 0 | H159: 0 | I159: 0 | J159: 0 | K159: 0 | L159: 0 | M159: 1.98 | N159: 0.06 | O159: 0 | P159: 15.48 | Q159: 0.51 | R159: 16.195 | S159: 170 | T159: 2
A160: 159 | B160: D7-9 | C160: 14# | D160: 66.17 | E160: 0 | F160: 0 | G160: 3.82 | H160: 0 | I160: 0 | J160: 0 | K160: 3.3 | L160: 0 | M160: 1.99 | N160: 0.06 | O160: 0 | P160: 2.13 | Q160: 0.52 | R160: 16.54 | S160: 35 | T160: 4
A161: 160 | B161: D7-10 | C161: 14# | D161: 65.93 | E161: 0 | F161: 0 | G161: 11.26 | H161: 0 | I161: 0 | J161: 0 | K161: 3.08 | L161: 0 | M161: 2.01 | N161: 0.06 | O161: 0 | P161: 1.8 | Q161: 0.53 | R161: 16.215 | S161: 152 | T161: 4
A162: 161 | B162: D7-11 | C162: 14# | D162: 65.88 | E162: 0 | F162: 0 | G162: 22.48 | H162: 0 | I162: 0 | J162: 0 | K162: 3.01 | L162: 0 | M162: 2.09 | N162: 0.06 | O162: 0 | P162: 1.41 | Q162: 0.52 | R162: 19.083333 | S162: 157 | T162: 4
A163: 162 | B163: D7-12 | C163: 14# | D163: 66.15 | E163: 0 | F163: 0 | G163: 37.49 | H163: 0 | I163: 0 | J163: 0 | K163: 3.01 | L163: 0 | M163: 2.27 | N163: 0.06 | O163: 0 | P163: 0.83 | Q163: 0.54 | R163: 19.8 | S163: 274 | T163: 4
A164: 163 | B164: D7-13 | C164: 14# | D164: 65.81 | E164: 0 | F164: 0 | G164: 0 | H164: 1.98 | I164: 0 | J164: 0 | K164: 0 | L164: 0 | M164: 1.98 | N164: 0.06 | O164: 0 | P164: 0.28 | Q164: 0.55 | R164: 17.085 | S164: 5 | T164: 4+
A165: 164 | B165: D7-14 | C165: 14# | D165: 66.13 | E165: 0 | F165: 0 | G165: 0 | H165: 6.04 | I165: 0 | J165: 0 | K165: 0 | L165: 0 | M165: 1.97 | N165: 0.06 | O165: 0 | P165: 2.98 | Q165: 0.49 | R165: 14.855 | S165: 92 | T165: 3
A166: 165 | B166: D7-15 | C166: 14# | D166: 65.9 | E166: 0 | F166: 0 | G166: 0 | H166: 11.92 | I166: 0 | J166: 0 | K166: 0 | L166: 0 | M166: 2.01 | N166: 0.06 | O166: 0 | P166: 6.87 | Q166: 0.53 | R166: 19.145 | S166: 198 | T166: 2
A167: 166 | B167: D7-16 | C167: 14# | D167: 65.86 | E167: 0 | F167: 0 | G167: 0 | H167: 19.81 | I167: 0 | J167: 0 | K167: 0 | L167: 0 | M167: 2.13 | N167: 0.06 | O167: 0 | P167: 12.16 | Q167: 0.55 | R167: 21.365 | S167: 300+ | T167: 2
A168: 167 | B168: D7-17 | C168: 14# | D168: 66.02 | E168: 0 | F168: 0 | G168: 0 | H168: 0 | I168: 2.4 | J168: 0 | K168: 0 | L168: 0 | M168: 2.04 | N168: 0.06 | O168: 0 | P168: 0.04 | Q168: 0.32 | R168: 19.925 | S168: 3 | T168: 4+
A169: 168 | B169: D7-18 | C169: 14# | D169: 66.07 | E169: 0 | F169: 0 | G169: 0 | H169: 0 | I169: 7.13 | J169: 0 | K169: 0 | L169: 0 | M169: 2.03 | N169: 0.06 | O169: 0 | P169: 1.83 | Q169: 0.59 | R169: 15.06 | S169: 27 | T169: 3
A170: 169 | B170: D7-19 | C170: 14# | D170: 66.03 | E170: 0 | F170: 0 | G170: 0 | H170: 0 | I170: 14.36 | J170: 0 | K170: 0 | L170: 0 | M170: 2.01 | N170: 0.06 | O170: 0 | P170: 4.7 | Q170: 0.5 | R170: 16.57 | S170: 154 | T170: 2
...

Sheet 换算明细
A1: 复配ID | B1: 来源配方 | C1: 复配取样量(g) | D1: 来源配方总质量(g) | E1: 源IR190 | F1: 源RF401 | G1: 源RF160 | H1: 源IR809 55% | I1: 源RF516 | J1: 源RF950 | K1: 源RF956 | L1: 源RH601 | M1: 源住友55754G | N1: 源1510蜡25%工作液 | O1: 源AZ088 | P1: 源外加正丁醇 | Q1: 源补加混合液 | R1: 源10%酸工作液 | S1: 贡献IR190 | T1: 贡献RF401 | U1: 贡献RF160 | V1: 贡献IR809 55% | W1: 贡献RF516 | X1: 贡献RF950 | Y1: 贡献RF956 | Z1: 贡献RH601 | AA1: 贡献住友55754G | AB1: 贡献1510蜡25%工作液 | AC1: 贡献AZ088 | AD1: 贡献外加正丁醇 | AE1: 贡献补加混合液 | AF1: 贡献10%酸工作液 | AG1: 缩放系数(至IR190=66g)
A2: C4-1 | B2: D4-1 | C2: 37.07 | D2: =SUM(E2:R2) -> 115.98 | E2: 65.97 | F2: 1.42 | G2: 6.46 | H2: 0.65 | I2: 7 | J2: 8.98 | K2: 0 | L2: 1.26 | M2: 1.98 | N2: 3.09 | O2: 0.06 | P2: 11.84 | Q2: 5.16 | R2: 2.11 | S2: =C2/D2*E2 -> 21.0856 | T2: =C2/D2*F2 -> 0.45386618 | U2: =C2/D2*G2 -> 2.0647715 | V2: =C2/D2*H2 -> 0.20775565 | W2: =C2/D2*I2 -> 2.2373685 | X2: =C2/D2*J2 -> 2.8702242 | Y2: =C2/D2*K2 -> 0 | Z2: =C2/D2*L2 -> 0.40272633 | AA2: =C2/D2*M2 -> 0.63285566 | AB2: =C2/D2*N2 -> 0.98763839 | AC2: =C2/D2*O2 -> 0.019177444 | AD2: =C2/D2*P2 -> 3.784349 | AE2: =C2/D2*Q2 -> 1.6492602 | AF2: =C2/D2*R2 -> 0.67440679 | AG2: =66/SUMIF($A$2:$A$67,A2,$S$2:$S$67) -> 1.546083
A3: C4-1 | B3: D4-2 | C3: 40.18 | D3: =SUM(E3:R3) -> 122.83 | E3: 66.04 | F3: 0 | G3: 14.09 | H3: 0.32 | I3: 0 | J3: 1.3 | K3: 8.86 | L3: 3.38 | M3: 0 | N3: 3.64 | O3: 0.06 | P3: 4.85 | Q3: 17.6 | R3: 2.69 | S3: =C3/D3*E3 -> 21.602924 | T3: =C3/D3*F3 -> 0 | U3: =C3/D3*G3 -> 4.6091036 | V3: =C3/D3*H3 -> 0.10467801 | W3: =C3/D3*I3 -> 0 | X3: =C3/D3*J3 -> 0.42525442 | Y3: =C3/D3*K3 -> 2.8982724 | Z3: =C3/D3*L3 -> 1.1056615 | AA3: =C3/D3*M3 -> 0 | AB3: =C3/D3*N3 -> 1.1907124 | AC3: =C3/D3*O3 -> 0.019627127 | AD3: =C3/D3*P3 -> 1.5865261 | AE3: =C3/D3*Q3 -> 5.7572906 | AF3: =C3/D3*R3 -> 0.87994952 | AG3: =66/SUMIF($A$2:$A$67,A3,$S$2:$S$67) -> 1.546083
A4: C4-2 | B4: D4-2 | C4: 44.91 | D4: =SUM(E4:R4) -> 122.83 | E4: 66.04 | F4: 0 | G4: 14.09 | H4: 0.32 | I4: 0 | J4: 1.3 | K4: 8.86 | L4: 3.38 | M4: 0 | N4: 3.64 | O4: 0.06 | P4: 4.85 | Q4: 17.6 | R4: 2.69 | S4: =C4/D4*E4 -> 24.146026 | T4: =C4/D4*F4 -> 0 | U4: =C4/D4*G4 -> 5.1516885 | V4: =C4/D4*H4 -> 0.11700073 | W4: =C4/D4*I4 -> 0 | X4: =C4/D4*J4 -> 0.47531548 | Y4: =C4/D4*K4 -> 3.2394578 | Z4: =C4/D4*L4 -> 1.2358202 | AA4: =C4/D4*M4 -> 0 | AB4: =C4/D4*N4 -> 1.3308833 | AC4: =C4/D4*O4 -> 0.021937637 | AD4: =C4/D4*P4 -> 1.7732924 | AE4: =C4/D4*Q4 -> 6.4350403 | AF4: =C4/D4*R4 -> 0.98353741 | AG4: =66/SUMIF($A$2:$A$67,A4,$S$2:$S$67) -> 1.4639322
A5: C4-2 | B5: D4-3 | C5: 34.05 | D5: =SUM(E5:R5) -> 107.64 | E5: 66.19 | F5: 0 | G5: 5.2 | H5: 0 | I5: 7.9 | J5: 7.81 | K5: 3.12 | L5: 0 | M5: 0 | N5: 1.51 | O5: 0.06 | P5: 8.8 | Q5: 6.53 | R5: 0.52 | S5: =C5/D5*E5 -> 20.93803 | T5: =C5/D5*F5 -> 0 | U5: =C5/D5*G5 -> 1.6449275 | V5: =C5/D5*H5 -> 0 | W5: =C5/D5*I5 -> 2.4990245 | X5: =C5/D5*J5 -> 2.4705546 | Y5: =C5/D5*K5 -> 0.98695652 | Z5: =C5/D5*L5 -> 0 | AA5: =C5/D5*M5 -> 0 | AB5: =C5/D5*N5 -> 0.47766165 | AC5: =C5/D5*O5 -> 0.018979933 | AD5: =C5/D5*P5 -> 2.7837235 | AE5: =C5/D5*Q5 -> 2.0656494 | AF5: =C5/D5*R5 -> 0.16449275 | AG5: =66/SUMIF($A$2:$A$67,A5,$S$2:$S$67) -> 1.4639322
A6: C4-3 | B6: D4-3 | C6: 45.88 | D6: =SUM(E6:R6) -> 107.64 | E6: 66.19 | F6: 0 | G6: 5.2 | H6: 0 | I6: 7.9 | J6: 7.81 | K6: 3.12 | L6: 0 | M6: 0 | N6: 1.51 | O6: 0.06 | P6: 8.8 | Q6: 6.53 | R6: 0.52 | S6: =C6/D6*E6 -> 28.212534 | T6: =C6/D6*F6 -> 0 | U6: =C6/D6*G6 -> 2.2164251 | V6: =C6/D6*H6 -> 0 | W6: =C6/D6*I6 -> 3.3672612 | X6: =C6/D6*J6 -> 3.3289 | Y6: =C6/D6*K6 -> 1.3298551 | Z6: =C6/D6*L6 -> 0 | AA6: =C6/D6*M6 -> 0 | AB6: =C6/D6*N6 -> 0.64361576 | AC6: =C6/D6*O6 -> 0.025574136 | AD6: =C6/D6*P6 -> 3.7508733 | AE6: =C6/D6*Q6 -> 2.7833185 | AF6: =C6/D6*R6 -> 0.22164251 | AG6: =66/SUMIF($A$2:$A$67,A6,$S$2:$S$67) -> 1.320941
A7: C4-3 | B7: D4-4 | C7: 40.8 | D7: =SUM(E7:R7) -> 123.44 | E7: 65.81 | F7: 3.59 | G7: 0 | H7: 0.13 | I7: 7.98 | J7: 7.9 | K7: 6.36 | L7: 4.31 | M7: 1.55 | N7: 2.95 | O7: 0.06 | P7: 12.39 | Q7: 9.6 | R7: 0.81 | S7: =C7/D7*E7 -> 21.751847 | T7: =C7/D7*F7 -> 1.1865846 | U7: =C7/D7*G7 -> 0 | V7: =C7/D7*H7 -> 0.042968244 | W7: =C7/D7*I7 -> 2.6375891 | X7: =C7/D7*J7 -> 2.6111471 | Y7: =C7/D7*K7 -> 2.1021387 | Z7: =C7/D7*L7 -> 1.4245625 | AA7: =C7/D7*M7 -> 0.51231367 | AB7: =C7/D7*N7 -> 0.97504861 | AC7: =C7/D7*O7 -> 0.019831497 | AD7: =C7/D7*P7 -> 4.0952041 | AE7: =C7/D7*Q7 -> 3.1730395 | AF7: =C7/D7*R7 -> 0.26772521 | AG7: =66/SUMIF($A$2:$A$67,A7,$S$2:$S$67) -> 1.320941
A8: C4-4 | B8: D4-4 | C8: 57 | D8: =SUM(E8:R8) -> 123.44 | E8: 65.81 | F8: 3.59 | G8: 0 | H8: 0.13 | I8: 7.98 | J8: 7.9 | K8: 6.36 | L8: 4.31 | M8: 1.55 | N8: 2.95 | O8: 0.06 | P8: 12.39 | Q8: 9.6 | R8: 0.81 | S8: =C8/D8*E8 -> 30.38861 | T8: =C8/D8*F8 -> 1.6577285 | U8: =C8/D8*G8 -> 0 | V8: =C8/D8*H8 -> 0.060029164 | W8: =C8/D8*I8 -> 3.6848671 | X8: =C8/D8*J8 -> 3.6479261 | Y8: =C8/D8*K8 -> 2.9368114 | Z8: =C8/D8*L8 -> 1.9901977 | AA8: =C8/D8*M8 -> 0.71573234 | AB8: =C8/D8*N8 -> 1.3622003 | AC8: =C8/D8*O8 -> 0.027705768 | AD8: =C8/D8*P8 -> 5.7212411 | AE8: =C8/D8*Q8 -> 4.4329229 | AF8: =C8/D8*R8 -> 0.37402787 | AG8: =66/SUMIF($A$2:$A$67,A8,$S$2:$S$67) -> 1.270498
A9: C4-4 | B9: D4-5 | C9: 36.56 | D9: =SUM(E9:R9) -> 112.26 | E9: 66.2 | F9: 3.26 | G9: 9.83 | H9: 0 | I9: 1.92 | J9: 7.36 | K9: 0 | L9: 0.87 | M9: 1.37 | N9: 2.88 | O9: 0.06 | P9: 5.3 | Q9: 13.21 | R9: 0 | S9: =C9/D9*E9 -> 21.559523 | T9: =C9/D9*F9 -> 1.0616925 | U9: =C9/D9*G9 -> 3.2013611 | V9: =C9/D9*H9 -> 0 | W9: =C9/D9*I9 -> 0.62529129 | X9: =C9/D9*J9 -> 2.3969499 | Y9: =C9/D9*K9 -> 0 | Z9: =C9/D9*L9 -> 0.28333511 | AA9: =C9/D9*M9 -> 0.44617139 | AB9: =C9/D9*N9 -> 0.93793693 | AC9: =C9/D9*O9 -> 0.019540353 | AD9: =C9/D9*P9 -> 1.7260645 | AE9: =C9/D9*Q9 -> 4.3021343 | AF9: =C9/D9*R9 -> 0 | AG9: =66/SUMIF($A$2:$A$67,A9,$S$2:$S$67) -> 1.270498
A10: C4-5 | B10: D4-5 | C10: 44.13 | D10: =SUM(E10:R10) -> 112.26 | E10: 66.2 | F10: 3.26 | G10: 9.83 | H10: 0 | I10: 1.92 | J10: 7.36 | K10: 0 | L10: 0.87 | M10: 1.37 | N10: 2.88 | O10: 0.06 | P10: 5.3 | Q10: 13.21 | R10: 0 | S10: =C10/D10*E10 -> 26.02357 | T10: =C10/D10*F10 -> 1.2815232 | U10: =C10/D10*G10 -> 3.864225 | V10: =C10/D10*H10 -> 0 | W10: =C10/D10*I10 -> 0.75476216 | X10: =C10/D10*J10 -> 2.8932549 | Y10: =C10/D10*K10 -> 0 | Z10: =C10/D10*L10 -> 0.3420016 | AA10: =C10/D10*M10 -> 0.53855425 | AB10: =C10/D10*N10 -> 1.1321432 | AC10: =C10/D10*O10 -> 0.023586317 | AD10: =C10/D10*P10 -> 2.083458 | AE10: =C10/D10*Q10 -> 5.1929209 | AF10: =C10/D10*R10 -> 0 | AG10: =66/SUMIF($A$2:$A$67,A10,$S$2:$S$67) -> 1.2402002
A11: C4-5 | B11: D4-6 | C11: 43.14 | D11: =SUM(E11:R11) -> 104.75 | E11: 66.03 | F11: 2.59 | G11: 0 | H11: 0.41 | I11: 5.11 | J11: 4.12 | K11: 7.36 | L11: 0 | M11: 1.9 | N11: 1.05 | O11: 0.06 | P11: 11.35 | Q11: 4.03 | R11: 0.74 | S11: =C11/D11*E11 -> 27.193644 | T11: =C11/D11*F11 -> 1.0666597 | U11: =C11/D11*G11 -> 0 | V11: =C11/D11*H11 -> 0.16885346 | W11: =C11/D11*I11 -> 2.1044907 | X11: =C11/D11*J11 -> 1.6967714 | Y11: =C11/D11*K11 -> 3.0311255 | Z11: =C11/D11*L11 -> 0 | AA11: =C11/D11*M11 -> 0.78249165 | AB11: =C11/D11*N11 -> 0.43242959 | AC11: =C11/D11*O11 -> 0.024710263 | AD11: =C11/D11*P11 -> 4.674358 | AE11: =C11/D11*Q11 -> 1.659706 | AF11: =C11/D11*R11 -> 0.3047599 | AG11: =66/SUMIF($A$2:$A$67,A11,$S$2:$S$67) -> 1.2402002
A12: C4-6 | B12: D4-6 | C12: 44.7 | D12: =SUM(E12:R12) -> 104.75 | E12: 66.03 | F12: 2.59 | G12: 0 | H12: 0.41 | I12: 5.11 | J12: 4.12 | K12: 7.36 | L12: 0 | M12: 1.9 | N12: 1.05 | O12: 0.06 | P12: 11.35 | Q12: 4.03 | R12: 0.74 | S12: =C12/D12*E12 -> 28.177002 | T12: =C12/D12*F12 -> 1.1052315 | U12: =C12/D12*G12 -> 0 | V12: =C12/D12*H12 -> 0.17495943 | W12: =C12/D12*I12 -> 2.1805919 | X12: =C12/D12*J12 -> 1.7581289 | Y12: =C12/D12*K12 -> 3.1407351 | Z12: =C12/D12*L12 -> 0 | AA12: =C12/D12*M12 -> 0.81078759 | AB12: =C12/D12*N12 -> 0.44806683 | AC12: =C12/D12*O12 -> 0.025603819 | AD12: =C12/D12*P12 -> 4.843389 | AE12: =C12/D12*Q12 -> 1.7197232 | AF12: =C12/D12*R12 -> 0.31578043 | AG12: =66/SUMIF($A$2:$A$67,A12,$S$2:$S$67) -> 1.2517116
A13: C4-6 | B13: D4-7 | C13: 44.7 | D13: =SUM(E13:R13) -> 120.24 | E13: 66.04 | F13: 0.87 | G13: 11.52 | H13: 0 | I13: 7.77 | J13: 3.76 | K13: 0 | L13: 2.88 | M13: 1.77 | N13: 3 | O13: 0.06 | P13: 11.36 | Q13: 9.2 | R13: 2.01 | S13: =C13/D13*E13 -> 24.550798 | T13: =C13/D13*F13 -> 0.32342814 | U13: =C13/D13*G13 -> 4.2826347 | V13: =C13/D13*H13 -> 0 | W13: =C13/D13*I13 -> 2.8885479 | X13: =C13/D13*J13 -> 1.3978044 | Y13: =C13/D13*K13 -> 0 | Z13: =C13/D13*L13 -> 1.0706587 | AA13: =C13/D13*M13 -> 0.65800898 | AB13: =C13/D13*N13 -> 1.1152695 | AC13: =C13/D13*O13 -> 0.022305389 | AD13: =C13/D13*P13 -> 4.2231537 | AE13: =C13/D13*Q13 -> 3.4201597 | AF13: =C13/D13*R13 -> 0.74723054 | AG13: =66/SUMIF($A$2:$A$67,A13,$S$2:$S$67) -> 1.2517116
... A67: C6-8 | B67: D6-1 | C67: 16.78 | D67: =SUM(E67:R67) -> 97.63 | E67: 66 | F67: 3.17 | G67: 6.18 | H67: 0.68 | I67: 5.77 | J67: 0 | K67: 0 | L67: 0.54 | M67: 0 | N67: 1.82 | O67: 0.06 | P67: 5.65 | Q67: 7.12 | R67: 0.64 | S67: =C67/D67*E67 -> 11.343644 | T67: =C67/D67*F67 -> 0.54483868 | U67: =C67/D67*G67 -> 1.0621776 | V67: =C67/D67*H67 -> 0.11687391 | W67: =C67/D67*I67 -> 0.99170952 | X67: =C67/D67*J67 -> 0 | Y67: =C67/D67*K67 -> 0 | Z67: =C67/D67*L67 -> 0.092811636 | AA67: =C67/D67*M67 -> 0 | AB67: =C67/D67*N67 -> 0.31280959 | AC67: =C67/D67*O67 -> 0.010312404 | AD67: =C67/D67*P67 -> 0.97108471 | AE67: =C67/D67*Q67 -> 1.2237386 | AF67: =C67/D67*R67 -> 0.10999898 | AG67: =66/SUMIF($A$2:$A$67,A67,$S$2:$S$67) -> 2.2689801

Sheet 测试原始数据
A1: 匹配键 | B1: 样本ID | C1: 线棒号 | D1: T弯平均(mm) | E1: MEK擦拭(次) | F1: 水煮（等级） | G1: 来源文件
A2: D1-1|14# | B2: D1-1 | C2: 14# | D2: 17.415 | E2: 9 | F2: 4 | G2: D1测试数据.xlsx
A3: D1-2|14# | B3: D1-2 | C3: 14# | D3: 19.22 | E3: 161 | F3: 2 | G3: D1测试数据.xlsx
A4: D1-3|14# | B4: D1-3 | C4: 14# | D4: 15.69 | E4: 10 | F4: 4 | G4: D1测试数据.xlsx
A5: D1-4|14# | B5: D1-4 | C5: 14# | D5: 18.05 | E5: 98 | F5: 3 | G5: D1测试数据.xlsx
A6: D1-5|14# | B6: D1-5 | C6: 14# | D6: 20.8 | E6: 300+ | F6: 3 | G6: D1测试数据.xlsx
A7: D1-6|14# | B7: D1-6 | C7: 14# | D7: 14.365 | E7: 5 | F7: 4 | G7: D1测试数据.xlsx
A8: D1-7|14# | B8: D1-7 | C8: 14# | D8: 16.535 | E8: 32 | F8: 4 | G8: D1测试数据.xlsx
A9: D1-8|14# | B9: D1-8 | C9: 14# | D9: 15.225 | E9: 4 | F9: 4 | G9: D1测试数据.xlsx
A10: D1-9|14# | B10: D1-9 | C10: 14# | D10: 22.32 | E10: 172 | F10: 2 | G10: D1测试数据.xlsx
A11: D1-10|14# | B11: D1-10 | C11: 14# | D11: 16.09 | E11: 95 | F11: 4 | G11: D1测试数据.xlsx
A12: D1-11|14# | B12: D1-11 | C12: 14# | D12: 17.145 | E12: 33 | F12: 2 | G12: D1测试数据.xlsx
A13: D1-12|14# | B13: D1-12 | C13: 14# | D13: 14.46 | E13: 11 | F13: 4 | G13: D1测试数据.xlsx
A14: D1-13|14# | B14: D1-13 | C14: 14# | D14: 15.5 | E14: 20 | F14: 4 | G14: D1测试数据.xlsx
A15: D1-14|14# | B15: D1-14 | C15: 14# | D15: 18.25 | E15: 87 | F15: 2 | G15: D1测试数据.xlsx
A16: D1-15|14# | B16: D1-15 | C16: 14# | D16: 15.5 | E16: 80 | F16: 3 | G16: D1测试数据.xlsx
A17: D1-16|14# | B17: D1-16 | C17: 14# | D17: 14.45 | E17: 32 | F17: 1 | G17: D1测试数据.xlsx
A18: D1-17|14# | B18: D1-17 | C18: 14# | D18: 21.705 | E18: 160 | F18: 3 | G18: D1测试数据.xlsx
... A27: D1-24|18# | B27: D1-24 | C27: 18# | D27: 16.72 | E27: 125 | F27: 4 | G27: D1测试数据.xlsx
A28: D2-1|14# | B28: D2-1 | C28: 14# | D28: 19.32 | E28: 68 | F28: —— | G28: D2测试数据.xlsx
A29: D2-2|14# | B29: D2-2 | C29: 14# | D29: 18.95 | E29: 76 | F29: —— | G29: D2测试数据.xlsx
A30: D2-3|14# | B30: D2-3 | C30: 14# | D30: 20.57 | E30: 60 | F30: —— | G30: D2测试数据.xlsx
A31: D2-4|14# | B31: D2-4 | C31: 14# | D31: 14.695 | E31: 9 | F31: —— | G31: D2测试数据.xlsx
A32: D2-5|14# | B32: D2-5 | C32: 14# | D32: 14.215 | E32: 40 | F32: —— | G32: D2测试数据.xlsx
A33: D2-6|14# | B33: D2-6 | C33: 14# | D33: 20.335 | E33: 112 | F33: —— | G33: D2测试数据.xlsx
A34: D2-7|14# | B34: D2-7 | C34: 14# | D34: 12.485 | E34: 79 | F34: —— | G34: D2测试数据.xlsx
A35: D2-8|14# | B35: D2-8 | C35: 14# | D35: 20.9 | E35: 131 | F35: —— | G35: D2测试数据.xlsx
A36: D2-9|14# | B36: D2-9 | C36: 14# | D36: 15.53 | E36: 5 | F36: —— | G36: D2测试数据.xlsx
A37: D2-10|14# | B37: D2-10 | C37: 14# | D37: 14.995 | E37: 60 | F37: —— | G37: D2测试数据.xlsx
A38: D2-11|14# | B38: D2-11 | C38: 14# | D38: 17.04 | E38: 65 | F38: —— | G38: D2测试数据.xlsx
A39: D2-12|14# | B39: D2-12 | C39: 14# | D39: 17.89 | E39: 50 | F39: —— | G39: D2测试数据.xlsx
... A131: C5-16|18# | B131: C5-16 | C131: 18# | D131: 17.76 | E131: 60 | F131: —— | G131: D5测试数据.xlsx
